{
  "n_vertices": 7585,
  "n_triangles": 15140,
  "n_boundary": 28,
  "boundary_indices": [
    0,
    1,
    2,
    3,
    4,
    5,
    6,
    7,
    8,
    9,
    10,
    11,
    12,
    13,
    14,
    15,
    16,
    17,
    18,
    19,
    20,
    21,
    22,
    23,
    24,
    25,
    26,
    27
  ],
  "center_offset": [
    919.4263019116678,
    499.98450889914307
  ],
  "scale_factor": 1919.0,
  "epsilon_ratio": 0.005,
  "interior_spacing": 15
}