v 0.227284 0.480508 0.000000
v 0.181664 0.478683 0.000000
v 0.159766 0.467734 0.000000
v 0.141518 0.476858 0.000000
v 0.128744 0.462260 0.000000
v -0.017241 0.433063 0.000000
v -0.044613 0.412990 0.000000
v -0.099358 0.400216 0.000000
v -0.117606 0.403866 0.000000
v -0.146803 0.381968 0.000000
v -0.223446 0.363720 0.000000
v -0.356657 0.301676 0.000000
v -0.389504 0.277953 0.000000
v -0.402278 0.248756 0.000000
v -0.415051 0.239632 0.000000
v -0.398628 0.164815 0.000000
v -0.491694 0.126493 0.000000
v -0.517241 0.084523 0.000000
v -0.515416 0.027953 0.000000
v -0.498993 0.000581 0.000000
v -0.449723 -0.023142 0.000000
v -0.453373 -0.043215 0.000000
v -0.471621 -0.052339 0.000000
v -0.467971 -0.083361 0.000000
v -0.446073 -0.085185 0.000000
v -0.438774 -0.096134 0.000000
v -0.442424 -0.116207 0.000000
v -0.433300 -0.127156 0.000000
v -0.435124 -0.152704 0.000000
v -0.426000 -0.170952 0.000000
v -0.400453 -0.160003 0.000000
v -0.378555 -0.183726 0.000000
v -0.365781 -0.185550 0.000000
v -0.363957 -0.203799 0.000000
v -0.340234 -0.214747 0.000000
v -0.342059 -0.234820 0.000000
v -0.305562 -0.251244 0.000000
v -0.303738 -0.269492 0.000000
v -0.285489 -0.287740 0.000000
v -0.252643 -0.296864 0.000000
v -0.238044 -0.313288 0.000000
v -0.223446 -0.311463 0.000000
v -0.196073 -0.355258 0.000000
v -0.170526 -0.347959 0.000000
v -0.157752 -0.353434 0.000000
v -0.154103 -0.337010 0.000000
v -0.139504 -0.335185 0.000000
v -0.134030 -0.353434 0.000000
v -0.115781 -0.364383 0.000000
v -0.117606 -0.384456 0.000000
v -0.075635 -0.393580 0.000000
v -0.064686 -0.413653 0.000000
v -0.031840 -0.410003 0.000000
v -0.013592 -0.417302 0.000000
v -0.009942 -0.448324 0.000000
v -0.031840 -0.464747 0.000000
v -0.028190 -0.470222 0.000000
v 0.017430 -0.437375 0.000000
v 0.041153 -0.448324 0.000000
v 0.046627 -0.461098 0.000000
v 0.119620 -0.497594 0.000000
v 0.137868 -0.484820 0.000000
v 0.157941 -0.493945 0.000000
v 0.179839 -0.484820 0.000000
v 0.212686 -0.519492 0.000000
v 0.227284 -0.512193 0.000000
v 0.218160 -0.506718 0.000000
v 0.218160 -0.493945 0.000000
v 0.238233 -0.499419 0.000000
v 0.292978 -0.422777 0.000000
v 0.355022 -0.300514 0.000000
v 0.396992 -0.154529 0.000000
v 0.402467 -0.116207 0.000000
v 0.395168 -0.101609 0.000000
v 0.406116 -0.088835 0.000000
v 0.409766 -0.015842 0.000000
v 0.396992 0.122844 0.000000
v 0.365970 0.239632 0.000000
v 0.309401 0.363720 0.000000
v 0.140605 0.474121 0.000000
v 0.178927 0.474121 0.000000
v 0.191700 0.474121 0.000000
v 0.204474 0.474121 0.000000
v 0.217248 0.474121 0.000000
v 0.230022 0.474121 0.000000
v 0.127832 0.461347 0.000000
v 0.140605 0.461347 0.000000
v 0.153379 0.461347 0.000000
v 0.166153 0.461347 0.000000
v 0.178927 0.461347 0.000000
v 0.191700 0.461347 0.000000
v 0.204474 0.461347 0.000000
v 0.217248 0.461347 0.000000
v 0.230022 0.461347 0.000000
v 0.063963 0.448574 0.000000
v 0.076737 0.448574 0.000000
v 0.089511 0.448574 0.000000
v 0.102284 0.448574 0.000000
v 0.115058 0.448574 0.000000
v 0.127832 0.448574 0.000000
v 0.140605 0.448574 0.000000
v 0.153379 0.448574 0.000000
v 0.166153 0.448574 0.000000
v 0.178927 0.448574 0.000000
v 0.191700 0.448574 0.000000
v 0.204474 0.448574 0.000000
v 0.217248 0.448574 0.000000
v 0.230022 0.448574 0.000000
v 0.242795 0.448574 0.000000
v 0.000095 0.435800 0.000000
v 0.012868 0.435800 0.000000
v 0.025642 0.435800 0.000000
v 0.038416 0.435800 0.000000
v 0.051189 0.435800 0.000000
v 0.063963 0.435800 0.000000
v 0.076737 0.435800 0.000000
v 0.089511 0.435800 0.000000
v 0.102284 0.435800 0.000000
v 0.115058 0.435800 0.000000
v 0.127832 0.435800 0.000000
v 0.140605 0.435800 0.000000
v 0.153379 0.435800 0.000000
v 0.166153 0.435800 0.000000
v 0.178927 0.435800 0.000000
v 0.191700 0.435800 0.000000
v 0.204474 0.435800 0.000000
v 0.217248 0.435800 0.000000
v 0.230022 0.435800 0.000000
v 0.242795 0.435800 0.000000
v 0.255569 0.435800 0.000000
v -0.025453 0.423026 0.000000
v -0.012679 0.423026 0.000000
v 0.000095 0.423026 0.000000
v 0.012868 0.423026 0.000000
v 0.025642 0.423026 0.000000
v 0.038416 0.423026 0.000000
v 0.051189 0.423026 0.000000
v 0.063963 0.423026 0.000000
v 0.076737 0.423026 0.000000
v 0.089511 0.423026 0.000000
v 0.102284 0.423026 0.000000
v 0.115058 0.423026 0.000000
v 0.127832 0.423026 0.000000
v 0.140605 0.423026 0.000000
v 0.153379 0.423026 0.000000
v 0.166153 0.423026 0.000000
v 0.178927 0.423026 0.000000
v 0.191700 0.423026 0.000000
v 0.204474 0.423026 0.000000
v 0.217248 0.423026 0.000000
v 0.230022 0.423026 0.000000
v 0.242795 0.423026 0.000000
v 0.255569 0.423026 0.000000
v -0.051000 0.410253 0.000000
v -0.038227 0.410253 0.000000
v -0.025453 0.410253 0.000000
v -0.012679 0.410253 0.000000
v 0.000095 0.410253 0.000000
v 0.012868 0.410253 0.000000
v 0.025642 0.410253 0.000000
v 0.038416 0.410253 0.000000
v 0.051189 0.410253 0.000000
v 0.063963 0.410253 0.000000
v 0.076737 0.410253 0.000000
v 0.089511 0.410253 0.000000
v 0.102284 0.410253 0.000000
v 0.115058 0.410253 0.000000
v 0.127832 0.410253 0.000000
v 0.140605 0.410253 0.000000
v 0.153379 0.410253 0.000000
v 0.166153 0.410253 0.000000
v 0.178927 0.410253 0.000000
v 0.191700 0.410253 0.000000
v 0.204474 0.410253 0.000000
v 0.217248 0.410253 0.000000
v 0.230022 0.410253 0.000000
v 0.242795 0.410253 0.000000
v 0.255569 0.410253 0.000000
v 0.268343 0.410253 0.000000
v -0.114869 0.397479 0.000000
v -0.102095 0.397479 0.000000
v -0.089322 0.397479 0.000000
v -0.076548 0.397479 0.000000
v -0.063774 0.397479 0.000000
v -0.051000 0.397479 0.000000
v -0.038227 0.397479 0.000000
v -0.025453 0.397479 0.000000
v -0.012679 0.397479 0.000000
v 0.000095 0.397479 0.000000
v 0.012868 0.397479 0.000000
v 0.025642 0.397479 0.000000
v 0.038416 0.397479 0.000000
v 0.051189 0.397479 0.000000
v 0.063963 0.397479 0.000000
v 0.076737 0.397479 0.000000
v 0.089511 0.397479 0.000000
v 0.102284 0.397479 0.000000
v 0.115058 0.397479 0.000000
v 0.127832 0.397479 0.000000
v 0.140605 0.397479 0.000000
v 0.153379 0.397479 0.000000
v 0.166153 0.397479 0.000000
v 0.178927 0.397479 0.000000
v 0.191700 0.397479 0.000000
v 0.204474 0.397479 0.000000
v 0.217248 0.397479 0.000000
v 0.230022 0.397479 0.000000
v 0.242795 0.397479 0.000000
v 0.255569 0.397479 0.000000
v 0.268343 0.397479 0.000000
v 0.281116 0.397479 0.000000
v -0.140416 0.384705 0.000000
v -0.127643 0.384705 0.000000
v -0.114869 0.384705 0.000000
v -0.102095 0.384705 0.000000
v -0.089322 0.384705 0.000000
v -0.076548 0.384705 0.000000
v -0.063774 0.384705 0.000000
v -0.051000 0.384705 0.000000
v -0.038227 0.384705 0.000000
v -0.025453 0.384705 0.000000
v -0.012679 0.384705 0.000000
v 0.000095 0.384705 0.000000
v 0.012868 0.384705 0.000000
v 0.025642 0.384705 0.000000
v 0.038416 0.384705 0.000000
v 0.051189 0.384705 0.000000
v 0.063963 0.384705 0.000000
v 0.076737 0.384705 0.000000
v 0.089511 0.384705 0.000000
v 0.102284 0.384705 0.000000
v 0.115058 0.384705 0.000000
v 0.127832 0.384705 0.000000
v 0.140605 0.384705 0.000000
v 0.153379 0.384705 0.000000
v 0.166153 0.384705 0.000000
v 0.178927 0.384705 0.000000
v 0.191700 0.384705 0.000000
v 0.204474 0.384705 0.000000
v 0.217248 0.384705 0.000000
v 0.230022 0.384705 0.000000
v 0.242795 0.384705 0.000000
v 0.255569 0.384705 0.000000
v 0.268343 0.384705 0.000000
v 0.281116 0.384705 0.000000
v 0.293890 0.384705 0.000000
v -0.178738 0.371931 0.000000
v -0.165964 0.371931 0.000000
v -0.153190 0.371931 0.000000
v -0.140416 0.371931 0.000000
v -0.127643 0.371931 0.000000
v -0.114869 0.371931 0.000000
v -0.102095 0.371931 0.000000
v -0.089322 0.371931 0.000000
v -0.076548 0.371931 0.000000
v -0.063774 0.371931 0.000000
v -0.051000 0.371931 0.000000
v -0.038227 0.371931 0.000000
v -0.025453 0.371931 0.000000
v -0.012679 0.371931 0.000000
v 0.000095 0.371931 0.000000
v 0.012868 0.371931 0.000000
v 0.025642 0.371931 0.000000
v 0.038416 0.371931 0.000000
v 0.051189 0.371931 0.000000
v 0.063963 0.371931 0.000000
v 0.076737 0.371931 0.000000
v 0.089511 0.371931 0.000000
v 0.102284 0.371931 0.000000
v 0.115058 0.371931 0.000000
v 0.127832 0.371931 0.000000
v 0.140605 0.371931 0.000000
v 0.153379 0.371931 0.000000
v 0.166153 0.371931 0.000000
v 0.178927 0.371931 0.000000
v 0.191700 0.371931 0.000000
v 0.204474 0.371931 0.000000
v 0.217248 0.371931 0.000000
v 0.230022 0.371931 0.000000
v 0.242795 0.371931 0.000000
v 0.255569 0.371931 0.000000
v 0.268343 0.371931 0.000000
v 0.281116 0.371931 0.000000
v 0.293890 0.371931 0.000000
v -0.229832 0.359158 0.000000
v -0.217059 0.359158 0.000000
v -0.204285 0.359158 0.000000
v -0.191511 0.359158 0.000000
v -0.178738 0.359158 0.000000
v -0.165964 0.359158 0.000000
v -0.153190 0.359158 0.000000
v -0.140416 0.359158 0.000000
v -0.127643 0.359158 0.000000
v -0.114869 0.359158 0.000000
v -0.102095 0.359158 0.000000
v -0.089322 0.359158 0.000000
v -0.076548 0.359158 0.000000
v -0.063774 0.359158 0.000000
v -0.051000 0.359158 0.000000
v -0.038227 0.359158 0.000000
v -0.025453 0.359158 0.000000
v -0.012679 0.359158 0.000000
v 0.000095 0.359158 0.000000
v 0.012868 0.359158 0.000000
v 0.025642 0.359158 0.000000
v 0.038416 0.359158 0.000000
v 0.051189 0.359158 0.000000
v 0.063963 0.359158 0.000000
v 0.076737 0.359158 0.000000
v 0.089511 0.359158 0.000000
v 0.102284 0.359158 0.000000
v 0.115058 0.359158 0.000000
v 0.127832 0.359158 0.000000
v 0.140605 0.359158 0.000000
v 0.153379 0.359158 0.000000
v 0.166153 0.359158 0.000000
v 0.178927 0.359158 0.000000
v 0.191700 0.359158 0.000000
v 0.204474 0.359158 0.000000
v 0.217248 0.359158 0.000000
v 0.230022 0.359158 0.000000
v 0.242795 0.359158 0.000000
v 0.255569 0.359158 0.000000
v 0.268343 0.359158 0.000000
v 0.281116 0.359158 0.000000
v 0.293890 0.359158 0.000000
v 0.306664 0.359158 0.000000
v -0.255380 0.346384 0.000000
v -0.242606 0.346384 0.000000
v -0.229832 0.346384 0.000000
v -0.217059 0.346384 0.000000
v -0.204285 0.346384 0.000000
v -0.191511 0.346384 0.000000
v -0.178738 0.346384 0.000000
v -0.165964 0.346384 0.000000
v -0.153190 0.346384 0.000000
v -0.140416 0.346384 0.000000
v -0.127643 0.346384 0.000000
v -0.114869 0.346384 0.000000
v -0.102095 0.346384 0.000000
v -0.089322 0.346384 0.000000
v -0.076548 0.346384 0.000000
v -0.063774 0.346384 0.000000
v -0.051000 0.346384 0.000000
v -0.038227 0.346384 0.000000
v -0.025453 0.346384 0.000000
v -0.012679 0.346384 0.000000
v 0.000095 0.346384 0.000000
v 0.012868 0.346384 0.000000
v 0.025642 0.346384 0.000000
v 0.038416 0.346384 0.000000
v 0.051189 0.346384 0.000000
v 0.063963 0.346384 0.000000
v 0.076737 0.346384 0.000000
v 0.089511 0.346384 0.000000
v 0.102284 0.346384 0.000000
v 0.115058 0.346384 0.000000
v 0.127832 0.346384 0.000000
v 0.140605 0.346384 0.000000
v 0.153379 0.346384 0.000000
v 0.166153 0.346384 0.000000
v 0.178927 0.346384 0.000000
v 0.191700 0.346384 0.000000
v 0.204474 0.346384 0.000000
v 0.217248 0.346384 0.000000
v 0.230022 0.346384 0.000000
v 0.242795 0.346384 0.000000
v 0.255569 0.346384 0.000000
v 0.268343 0.346384 0.000000
v 0.281116 0.346384 0.000000
v 0.293890 0.346384 0.000000
v 0.306664 0.346384 0.000000
v -0.280927 0.333610 0.000000
v -0.268154 0.333610 0.000000
v -0.255380 0.333610 0.000000
v -0.242606 0.333610 0.000000
v -0.229832 0.333610 0.000000
v -0.217059 0.333610 0.000000
v -0.204285 0.333610 0.000000
v -0.191511 0.333610 0.000000
v -0.178738 0.333610 0.000000
v -0.165964 0.333610 0.000000
v -0.153190 0.333610 0.000000
v -0.140416 0.333610 0.000000
v -0.127643 0.333610 0.000000
v -0.114869 0.333610 0.000000
v -0.102095 0.333610 0.000000
v -0.089322 0.333610 0.000000
v -0.076548 0.333610 0.000000
v -0.063774 0.333610 0.000000
v -0.051000 0.333610 0.000000
v -0.038227 0.333610 0.000000
v -0.025453 0.333610 0.000000
v -0.012679 0.333610 0.000000
v 0.000095 0.333610 0.000000
v 0.012868 0.333610 0.000000
v 0.025642 0.333610 0.000000
v 0.038416 0.333610 0.000000
v 0.051189 0.333610 0.000000
v 0.063963 0.333610 0.000000
v 0.076737 0.333610 0.000000
v 0.089511 0.333610 0.000000
v 0.102284 0.333610 0.000000
v 0.115058 0.333610 0.000000
v 0.127832 0.333610 0.000000
v 0.140605 0.333610 0.000000
v 0.153379 0.333610 0.000000
v 0.166153 0.333610 0.000000
v 0.178927 0.333610 0.000000
v 0.191700 0.333610 0.000000
v 0.204474 0.333610 0.000000
v 0.217248 0.333610 0.000000
v 0.230022 0.333610 0.000000
v 0.242795 0.333610 0.000000
v 0.255569 0.333610 0.000000
v 0.268343 0.333610 0.000000
v 0.281116 0.333610 0.000000
v 0.293890 0.333610 0.000000
v 0.306664 0.333610 0.000000
v 0.319438 0.333610 0.000000
v -0.306475 0.320836 0.000000
v -0.293701 0.320836 0.000000
v -0.280927 0.320836 0.000000
v -0.268154 0.320836 0.000000
v -0.255380 0.320836 0.000000
v -0.242606 0.320836 0.000000
v -0.229832 0.320836 0.000000
v -0.217059 0.320836 0.000000
v -0.204285 0.320836 0.000000
v -0.191511 0.320836 0.000000
v -0.178738 0.320836 0.000000
v -0.165964 0.320836 0.000000
v -0.153190 0.320836 0.000000
v -0.140416 0.320836 0.000000
v -0.127643 0.320836 0.000000
v -0.114869 0.320836 0.000000
v -0.102095 0.320836 0.000000
v -0.089322 0.320836 0.000000
v -0.076548 0.320836 0.000000
v -0.063774 0.320836 0.000000
v -0.051000 0.320836 0.000000
v -0.038227 0.320836 0.000000
v -0.025453 0.320836 0.000000
v -0.012679 0.320836 0.000000
v 0.000095 0.320836 0.000000
v 0.012868 0.320836 0.000000
v 0.025642 0.320836 0.000000
v 0.038416 0.320836 0.000000
v 0.051189 0.320836 0.000000
v 0.063963 0.320836 0.000000
v 0.076737 0.320836 0.000000
v 0.089511 0.320836 0.000000
v 0.102284 0.320836 0.000000
v 0.115058 0.320836 0.000000
v 0.127832 0.320836 0.000000
v 0.140605 0.320836 0.000000
v 0.153379 0.320836 0.000000
v 0.166153 0.320836 0.000000
v 0.178927 0.320836 0.000000
v 0.191700 0.320836 0.000000
v 0.204474 0.320836 0.000000
v 0.217248 0.320836 0.000000
v 0.230022 0.320836 0.000000
v 0.242795 0.320836 0.000000
v 0.255569 0.320836 0.000000
v 0.268343 0.320836 0.000000
v 0.281116 0.320836 0.000000
v 0.293890 0.320836 0.000000
v 0.306664 0.320836 0.000000
v 0.319438 0.320836 0.000000
v -0.332022 0.308063 0.000000
v -0.319249 0.308063 0.000000
v -0.306475 0.308063 0.000000
v -0.293701 0.308063 0.000000
v -0.280927 0.308063 0.000000
v -0.268154 0.308063 0.000000
v -0.255380 0.308063 0.000000
v -0.242606 0.308063 0.000000
v -0.229832 0.308063 0.000000
v -0.217059 0.308063 0.000000
v -0.204285 0.308063 0.000000
v -0.191511 0.308063 0.000000
v -0.178738 0.308063 0.000000
v -0.165964 0.308063 0.000000
v -0.153190 0.308063 0.000000
v -0.140416 0.308063 0.000000
v -0.127643 0.308063 0.000000
v -0.114869 0.308063 0.000000
v -0.102095 0.308063 0.000000
v -0.089322 0.308063 0.000000
v -0.076548 0.308063 0.000000
v -0.063774 0.308063 0.000000
v -0.051000 0.308063 0.000000
v -0.038227 0.308063 0.000000
v -0.025453 0.308063 0.000000
v -0.012679 0.308063 0.000000
v 0.000095 0.308063 0.000000
v 0.012868 0.308063 0.000000
v 0.025642 0.308063 0.000000
v 0.038416 0.308063 0.000000
v 0.051189 0.308063 0.000000
v 0.063963 0.308063 0.000000
v 0.076737 0.308063 0.000000
v 0.089511 0.308063 0.000000
v 0.102284 0.308063 0.000000
v 0.115058 0.308063 0.000000
v 0.127832 0.308063 0.000000
v 0.140605 0.308063 0.000000
v 0.153379 0.308063 0.000000
v 0.166153 0.308063 0.000000
v 0.178927 0.308063 0.000000
v 0.191700 0.308063 0.000000
v 0.204474 0.308063 0.000000
v 0.217248 0.308063 0.000000
v 0.230022 0.308063 0.000000
v 0.242795 0.308063 0.000000
v 0.255569 0.308063 0.000000
v 0.268343 0.308063 0.000000
v 0.281116 0.308063 0.000000
v 0.293890 0.308063 0.000000
v 0.306664 0.308063 0.000000
v 0.319438 0.308063 0.000000
v 0.332211 0.308063 0.000000
v -0.357570 0.295289 0.000000
v -0.344796 0.295289 0.000000
v -0.332022 0.295289 0.000000
v -0.319249 0.295289 0.000000
v -0.306475 0.295289 0.000000
v -0.293701 0.295289 0.000000
v -0.280927 0.295289 0.000000
v -0.268154 0.295289 0.000000
v -0.255380 0.295289 0.000000
v -0.242606 0.295289 0.000000
v -0.229832 0.295289 0.000000
v -0.217059 0.295289 0.000000
v -0.204285 0.295289 0.000000
v -0.191511 0.295289 0.000000
v -0.178738 0.295289 0.000000
v -0.165964 0.295289 0.000000
v -0.153190 0.295289 0.000000
v -0.140416 0.295289 0.000000
v -0.127643 0.295289 0.000000
v -0.114869 0.295289 0.000000
v -0.102095 0.295289 0.000000
v -0.089322 0.295289 0.000000
v -0.076548 0.295289 0.000000
v -0.063774 0.295289 0.000000
v -0.051000 0.295289 0.000000
v -0.038227 0.295289 0.000000
v -0.025453 0.295289 0.000000
v -0.012679 0.295289 0.000000
v 0.000095 0.295289 0.000000
v 0.012868 0.295289 0.000000
v 0.025642 0.295289 0.000000
v 0.038416 0.295289 0.000000
v 0.051189 0.295289 0.000000
v 0.063963 0.295289 0.000000
v 0.076737 0.295289 0.000000
v 0.089511 0.295289 0.000000
v 0.102284 0.295289 0.000000
v 0.115058 0.295289 0.000000
v 0.127832 0.295289 0.000000
v 0.140605 0.295289 0.000000
v 0.153379 0.295289 0.000000
v 0.166153 0.295289 0.000000
v 0.178927 0.295289 0.000000
v 0.191700 0.295289 0.000000
v 0.204474 0.295289 0.000000
v 0.217248 0.295289 0.000000
v 0.230022 0.295289 0.000000
v 0.242795 0.295289 0.000000
v 0.255569 0.295289 0.000000
v 0.268343 0.295289 0.000000
v 0.281116 0.295289 0.000000
v 0.293890 0.295289 0.000000
v 0.306664 0.295289 0.000000
v 0.319438 0.295289 0.000000
v 0.332211 0.295289 0.000000
v -0.383117 0.282515 0.000000
v -0.370343 0.282515 0.000000
v -0.357570 0.282515 0.000000
v -0.344796 0.282515 0.000000
v -0.332022 0.282515 0.000000
v -0.319249 0.282515 0.000000
v -0.306475 0.282515 0.000000
v -0.293701 0.282515 0.000000
v -0.280927 0.282515 0.000000
v -0.268154 0.282515 0.000000
v -0.255380 0.282515 0.000000
v -0.242606 0.282515 0.000000
v -0.229832 0.282515 0.000000
v -0.217059 0.282515 0.000000
v -0.204285 0.282515 0.000000
v -0.191511 0.282515 0.000000
v -0.178738 0.282515 0.000000
v -0.165964 0.282515 0.000000
v -0.153190 0.282515 0.000000
v -0.140416 0.282515 0.000000
v -0.127643 0.282515 0.000000
v -0.114869 0.282515 0.000000
v -0.102095 0.282515 0.000000
v -0.089322 0.282515 0.000000
v -0.076548 0.282515 0.000000
v -0.063774 0.282515 0.000000
v -0.051000 0.282515 0.000000
v -0.038227 0.282515 0.000000
v -0.025453 0.282515 0.000000
v -0.012679 0.282515 0.000000
v 0.000095 0.282515 0.000000
v 0.012868 0.282515 0.000000
v 0.025642 0.282515 0.000000
v 0.038416 0.282515 0.000000
v 0.051189 0.282515 0.000000
v 0.063963 0.282515 0.000000
v 0.076737 0.282515 0.000000
v 0.089511 0.282515 0.000000
v 0.102284 0.282515 0.000000
v 0.115058 0.282515 0.000000
v 0.127832 0.282515 0.000000
v 0.140605 0.282515 0.000000
v 0.153379 0.282515 0.000000
v 0.166153 0.282515 0.000000
v 0.178927 0.282515 0.000000
v 0.191700 0.282515 0.000000
v 0.204474 0.282515 0.000000
v 0.217248 0.282515 0.000000
v 0.230022 0.282515 0.000000
v 0.242795 0.282515 0.000000
v 0.255569 0.282515 0.000000
v 0.268343 0.282515 0.000000
v 0.281116 0.282515 0.000000
v 0.293890 0.282515 0.000000
v 0.306664 0.282515 0.000000
v 0.319438 0.282515 0.000000
v 0.332211 0.282515 0.000000
v 0.344985 0.282515 0.000000
v -0.383117 0.269742 0.000000
v -0.370343 0.269742 0.000000
v -0.357570 0.269742 0.000000
v -0.344796 0.269742 0.000000
v -0.332022 0.269742 0.000000
v -0.319249 0.269742 0.000000
v -0.306475 0.269742 0.000000
v -0.293701 0.269742 0.000000
v -0.280927 0.269742 0.000000
v -0.268154 0.269742 0.000000
v -0.255380 0.269742 0.000000
v -0.242606 0.269742 0.000000
v -0.229832 0.269742 0.000000
v -0.217059 0.269742 0.000000
v -0.204285 0.269742 0.000000
v -0.191511 0.269742 0.000000
v -0.178738 0.269742 0.000000
v -0.165964 0.269742 0.000000
v -0.153190 0.269742 0.000000
v -0.140416 0.269742 0.000000
v -0.127643 0.269742 0.000000
v -0.114869 0.269742 0.000000
v -0.102095 0.269742 0.000000
v -0.089322 0.269742 0.000000
v -0.076548 0.269742 0.000000
v -0.063774 0.269742 0.000000
v -0.051000 0.269742 0.000000
v -0.038227 0.269742 0.000000
v -0.025453 0.269742 0.000000
v -0.012679 0.269742 0.000000
v 0.000095 0.269742 0.000000
v 0.012868 0.269742 0.000000
v 0.025642 0.269742 0.000000
v 0.038416 0.269742 0.000000
v 0.051189 0.269742 0.000000
v 0.063963 0.269742 0.000000
v 0.076737 0.269742 0.000000
v 0.089511 0.269742 0.000000
v 0.102284 0.269742 0.000000
v 0.115058 0.269742 0.000000
v 0.127832 0.269742 0.000000
v 0.140605 0.269742 0.000000
v 0.153379 0.269742 0.000000
v 0.166153 0.269742 0.000000
v 0.178927 0.269742 0.000000
v 0.191700 0.269742 0.000000
v 0.204474 0.269742 0.000000
v 0.217248 0.269742 0.000000
v 0.230022 0.269742 0.000000
v 0.242795 0.269742 0.000000
v 0.255569 0.269742 0.000000
v 0.268343 0.269742 0.000000
v 0.281116 0.269742 0.000000
v 0.293890 0.269742 0.000000
v 0.306664 0.269742 0.000000
v 0.319438 0.269742 0.000000
v 0.332211 0.269742 0.000000
v 0.344985 0.269742 0.000000
v -0.395891 0.256968 0.000000
v -0.383117 0.256968 0.000000
v -0.370343 0.256968 0.000000
v -0.357570 0.256968 0.000000
v -0.344796 0.256968 0.000000
v -0.332022 0.256968 0.000000
v -0.319249 0.256968 0.000000
v -0.306475 0.256968 0.000000
v -0.293701 0.256968 0.000000
v -0.280927 0.256968 0.000000
v -0.268154 0.256968 0.000000
v -0.255380 0.256968 0.000000
v -0.242606 0.256968 0.000000
v -0.229832 0.256968 0.000000
v -0.217059 0.256968 0.000000
v -0.204285 0.256968 0.000000
v -0.191511 0.256968 0.000000
v -0.178738 0.256968 0.000000
v -0.165964 0.256968 0.000000
v -0.153190 0.256968 0.000000
v -0.140416 0.256968 0.000000
v -0.127643 0.256968 0.000000
v -0.114869 0.256968 0.000000
v -0.102095 0.256968 0.000000
v -0.089322 0.256968 0.000000
v -0.076548 0.256968 0.000000
v -0.063774 0.256968 0.000000
v -0.051000 0.256968 0.000000
v -0.038227 0.256968 0.000000
v -0.025453 0.256968 0.000000
v -0.012679 0.256968 0.000000
v 0.000095 0.256968 0.000000
v 0.012868 0.256968 0.000000
v 0.025642 0.256968 0.000000
v 0.038416 0.256968 0.000000
v 0.051189 0.256968 0.000000
v 0.063963 0.256968 0.000000
v 0.076737 0.256968 0.000000
v 0.089511 0.256968 0.000000
v 0.102284 0.256968 0.000000
v 0.115058 0.256968 0.000000
v 0.127832 0.256968 0.000000
v 0.140605 0.256968 0.000000
v 0.153379 0.256968 0.000000
v 0.166153 0.256968 0.000000
v 0.178927 0.256968 0.000000
v 0.191700 0.256968 0.000000
v 0.204474 0.256968 0.000000
v 0.217248 0.256968 0.000000
v 0.230022 0.256968 0.000000
v 0.242795 0.256968 0.000000
v 0.255569 0.256968 0.000000
v 0.268343 0.256968 0.000000
v 0.281116 0.256968 0.000000
v 0.293890 0.256968 0.000000
v 0.306664 0.256968 0.000000
v 0.319438 0.256968 0.000000
v 0.332211 0.256968 0.000000
v 0.344985 0.256968 0.000000
v 0.357759 0.256968 0.000000
v -0.395891 0.244194 0.000000
v -0.383117 0.244194 0.000000
v -0.370343 0.244194 0.000000
v -0.357570 0.244194 0.000000
v -0.344796 0.244194 0.000000
v -0.332022 0.244194 0.000000
v -0.319249 0.244194 0.000000
v -0.306475 0.244194 0.000000
v -0.293701 0.244194 0.000000
v -0.280927 0.244194 0.000000
v -0.268154 0.244194 0.000000
v -0.255380 0.244194 0.000000
v -0.242606 0.244194 0.000000
v -0.229832 0.244194 0.000000
v -0.217059 0.244194 0.000000
v -0.204285 0.244194 0.000000
v -0.191511 0.244194 0.000000
v -0.178738 0.244194 0.000000
v -0.165964 0.244194 0.000000
v -0.153190 0.244194 0.000000
v -0.140416 0.244194 0.000000
v -0.127643 0.244194 0.000000
v -0.114869 0.244194 0.000000
v -0.102095 0.244194 0.000000
v -0.089322 0.244194 0.000000
v -0.076548 0.244194 0.000000
v -0.063774 0.244194 0.000000
v -0.051000 0.244194 0.000000
v -0.038227 0.244194 0.000000
v -0.025453 0.244194 0.000000
v -0.012679 0.244194 0.000000
v 0.000095 0.244194 0.000000
v 0.012868 0.244194 0.000000
v 0.025642 0.244194 0.000000
v 0.038416 0.244194 0.000000
v 0.051189 0.244194 0.000000
v 0.063963 0.244194 0.000000
v 0.076737 0.244194 0.000000
v 0.089511 0.244194 0.000000
v 0.102284 0.244194 0.000000
v 0.115058 0.244194 0.000000
v 0.127832 0.244194 0.000000
v 0.140605 0.244194 0.000000
v 0.153379 0.244194 0.000000
v 0.166153 0.244194 0.000000
v 0.178927 0.244194 0.000000
v 0.191700 0.244194 0.000000
v 0.204474 0.244194 0.000000
v 0.217248 0.244194 0.000000
v 0.230022 0.244194 0.000000
v 0.242795 0.244194 0.000000
v 0.255569 0.244194 0.000000
v 0.268343 0.244194 0.000000
v 0.281116 0.244194 0.000000
v 0.293890 0.244194 0.000000
v 0.306664 0.244194 0.000000
v 0.319438 0.244194 0.000000
v 0.332211 0.244194 0.000000
v 0.344985 0.244194 0.000000
v 0.357759 0.244194 0.000000
v -0.408665 0.231420 0.000000
v -0.395891 0.231420 0.000000
v -0.383117 0.231420 0.000000
v -0.370343 0.231420 0.000000
v -0.357570 0.231420 0.000000
v -0.344796 0.231420 0.000000
v -0.332022 0.231420 0.000000
v -0.319249 0.231420 0.000000
v -0.306475 0.231420 0.000000
v -0.293701 0.231420 0.000000
v -0.280927 0.231420 0.000000
v -0.268154 0.231420 0.000000
v -0.255380 0.231420 0.000000
v -0.242606 0.231420 0.000000
v -0.229832 0.231420 0.000000
v -0.217059 0.231420 0.000000
v -0.204285 0.231420 0.000000
v -0.191511 0.231420 0.000000
v -0.178738 0.231420 0.000000
v -0.165964 0.231420 0.000000
v -0.153190 0.231420 0.000000
v -0.140416 0.231420 0.000000
v -0.127643 0.231420 0.000000
v -0.114869 0.231420 0.000000
v -0.102095 0.231420 0.000000
v -0.089322 0.231420 0.000000
v -0.076548 0.231420 0.000000
v -0.063774 0.231420 0.000000
v -0.051000 0.231420 0.000000
v -0.038227 0.231420 0.000000
v -0.025453 0.231420 0.000000
v -0.012679 0.231420 0.000000
v 0.000095 0.231420 0.000000
v 0.012868 0.231420 0.000000
v 0.025642 0.231420 0.000000
v 0.038416 0.231420 0.000000
v 0.051189 0.231420 0.000000
v 0.063963 0.231420 0.000000
v 0.076737 0.231420 0.000000
v 0.089511 0.231420 0.000000
v 0.102284 0.231420 0.000000
v 0.115058 0.231420 0.000000
v 0.127832 0.231420 0.000000
v 0.140605 0.231420 0.000000
v 0.153379 0.231420 0.000000
v 0.166153 0.231420 0.000000
v 0.178927 0.231420 0.000000
v 0.191700 0.231420 0.000000
v 0.204474 0.231420 0.000000
v 0.217248 0.231420 0.000000
v 0.230022 0.231420 0.000000
v 0.242795 0.231420 0.000000
v 0.255569 0.231420 0.000000
v 0.268343 0.231420 0.000000
v 0.281116 0.231420 0.000000
v 0.293890 0.231420 0.000000
v 0.306664 0.231420 0.000000
v 0.319438 0.231420 0.000000
v 0.332211 0.231420 0.000000
v 0.344985 0.231420 0.000000
v 0.357759 0.231420 0.000000
v -0.408665 0.218647 0.000000
v -0.395891 0.218647 0.000000
v -0.383117 0.218647 0.000000
v -0.370343 0.218647 0.000000
v -0.357570 0.218647 0.000000
v -0.344796 0.218647 0.000000
v -0.332022 0.218647 0.000000
v -0.319249 0.218647 0.000000
v -0.306475 0.218647 0.000000
v -0.293701 0.218647 0.000000
v -0.280927 0.218647 0.000000
v -0.268154 0.218647 0.000000
v -0.255380 0.218647 0.000000
v -0.242606 0.218647 0.000000
v -0.229832 0.218647 0.000000
v -0.217059 0.218647 0.000000
v -0.204285 0.218647 0.000000
v -0.191511 0.218647 0.000000
v -0.178738 0.218647 0.000000
v -0.165964 0.218647 0.000000
v -0.153190 0.218647 0.000000
v -0.140416 0.218647 0.000000
v -0.127643 0.218647 0.000000
v -0.114869 0.218647 0.000000
v -0.102095 0.218647 0.000000
v -0.089322 0.218647 0.000000
v -0.076548 0.218647 0.000000
v -0.063774 0.218647 0.000000
v -0.051000 0.218647 0.000000
v -0.038227 0.218647 0.000000
v -0.025453 0.218647 0.000000
v -0.012679 0.218647 0.000000
v 0.000095 0.218647 0.000000
v 0.012868 0.218647 0.000000
v 0.025642 0.218647 0.000000
v 0.038416 0.218647 0.000000
v 0.051189 0.218647 0.000000
v 0.063963 0.218647 0.000000
v 0.076737 0.218647 0.000000
v 0.089511 0.218647 0.000000
v 0.102284 0.218647 0.000000
v 0.115058 0.218647 0.000000
v 0.127832 0.218647 0.000000
v 0.140605 0.218647 0.000000
v 0.153379 0.218647 0.000000
v 0.166153 0.218647 0.000000
v 0.178927 0.218647 0.000000
v 0.191700 0.218647 0.000000
v 0.204474 0.218647 0.000000
v 0.217248 0.218647 0.000000
v 0.230022 0.218647 0.000000
v 0.242795 0.218647 0.000000
v 0.255569 0.218647 0.000000
v 0.268343 0.218647 0.000000
v 0.281116 0.218647 0.000000
v 0.293890 0.218647 0.000000
v 0.306664 0.218647 0.000000
v 0.319438 0.218647 0.000000
v 0.332211 0.218647 0.000000
v 0.344985 0.218647 0.000000
v 0.357759 0.218647 0.000000
v 0.370532 0.218647 0.000000
v -0.395891 0.205873 0.000000
v -0.383117 0.205873 0.000000
v -0.370343 0.205873 0.000000
v -0.357570 0.205873 0.000000
v -0.344796 0.205873 0.000000
v -0.332022 0.205873 0.000000
v -0.319249 0.205873 0.000000
v -0.306475 0.205873 0.000000
v -0.293701 0.205873 0.000000
v -0.280927 0.205873 0.000000
v -0.268154 0.205873 0.000000
v -0.255380 0.205873 0.000000
v -0.242606 0.205873 0.000000
v -0.229832 0.205873 0.000000
v -0.217059 0.205873 0.000000
v -0.204285 0.205873 0.000000
v -0.191511 0.205873 0.000000
v -0.178738 0.205873 0.000000
v -0.165964 0.205873 0.000000
v -0.153190 0.205873 0.000000
v -0.140416 0.205873 0.000000
v -0.127643 0.205873 0.000000
v -0.114869 0.205873 0.000000
v -0.102095 0.205873 0.000000
v -0.089322 0.205873 0.000000
v -0.076548 0.205873 0.000000
v -0.063774 0.205873 0.000000
v -0.051000 0.205873 0.000000
v -0.038227 0.205873 0.000000
v -0.025453 0.205873 0.000000
v -0.012679 0.205873 0.000000
v 0.000095 0.205873 0.000000
v 0.012868 0.205873 0.000000
v 0.025642 0.205873 0.000000
v 0.038416 0.205873 0.000000
v 0.051189 0.205873 0.000000
v 0.063963 0.205873 0.000000
v 0.076737 0.205873 0.000000
v 0.089511 0.205873 0.000000
v 0.102284 0.205873 0.000000
v 0.115058 0.205873 0.000000
v 0.127832 0.205873 0.000000
v 0.140605 0.205873 0.000000
v 0.153379 0.205873 0.000000
v 0.166153 0.205873 0.000000
v 0.178927 0.205873 0.000000
v 0.191700 0.205873 0.000000
v 0.204474 0.205873 0.000000
v 0.217248 0.205873 0.000000
v 0.230022 0.205873 0.000000
v 0.242795 0.205873 0.000000
v 0.255569 0.205873 0.000000
v 0.268343 0.205873 0.000000
v 0.281116 0.205873 0.000000
v 0.293890 0.205873 0.000000
v 0.306664 0.205873 0.000000
v 0.319438 0.205873 0.000000
v 0.332211 0.205873 0.000000
v 0.344985 0.205873 0.000000
v 0.357759 0.205873 0.000000
v 0.370532 0.205873 0.000000
v -0.395891 0.193099 0.000000
v -0.383117 0.193099 0.000000
v -0.370343 0.193099 0.000000
v -0.357570 0.193099 0.000000
v -0.344796 0.193099 0.000000
v -0.332022 0.193099 0.000000
v -0.319249 0.193099 0.000000
v -0.306475 0.193099 0.000000
v -0.293701 0.193099 0.000000
v -0.280927 0.193099 0.000000
v -0.268154 0.193099 0.000000
v -0.255380 0.193099 0.000000
v -0.242606 0.193099 0.000000
v -0.229832 0.193099 0.000000
v -0.217059 0.193099 0.000000
v -0.204285 0.193099 0.000000
v -0.191511 0.193099 0.000000
v -0.178738 0.193099 0.000000
v -0.165964 0.193099 0.000000
v -0.153190 0.193099 0.000000
v -0.140416 0.193099 0.000000
v -0.127643 0.193099 0.000000
v -0.114869 0.193099 0.000000
v -0.102095 0.193099 0.000000
v -0.089322 0.193099 0.000000
v -0.076548 0.193099 0.000000
v -0.063774 0.193099 0.000000
v -0.051000 0.193099 0.000000
v -0.038227 0.193099 0.000000
v -0.025453 0.193099 0.000000
v -0.012679 0.193099 0.000000
v 0.000095 0.193099 0.000000
v 0.012868 0.193099 0.000000
v 0.025642 0.193099 0.000000
v 0.038416 0.193099 0.000000
v 0.051189 0.193099 0.000000
v 0.063963 0.193099 0.000000
v 0.076737 0.193099 0.000000
v 0.089511 0.193099 0.000000
v 0.102284 0.193099 0.000000
v 0.115058 0.193099 0.000000
v 0.127832 0.193099 0.000000
v 0.140605 0.193099 0.000000
v 0.153379 0.193099 0.000000
v 0.166153 0.193099 0.000000
v 0.178927 0.193099 0.000000
v 0.191700 0.193099 0.000000
v 0.204474 0.193099 0.000000
v 0.217248 0.193099 0.000000
v 0.230022 0.193099 0.000000
v 0.242795 0.193099 0.000000
v 0.255569 0.193099 0.000000
v 0.268343 0.193099 0.000000
v 0.281116 0.193099 0.000000
v 0.293890 0.193099 0.000000
v 0.306664 0.193099 0.000000
v 0.319438 0.193099 0.000000
v 0.332211 0.193099 0.000000
v 0.344985 0.193099 0.000000
v 0.357759 0.193099 0.000000
v 0.370532 0.193099 0.000000
v -0.395891 0.180326 0.000000
v -0.383117 0.180326 0.000000
v -0.370343 0.180326 0.000000
v -0.357570 0.180326 0.000000
v -0.344796 0.180326 0.000000
v -0.332022 0.180326 0.000000
v -0.319249 0.180326 0.000000
v -0.306475 0.180326 0.000000
v -0.293701 0.180326 0.000000
v -0.280927 0.180326 0.000000
v -0.268154 0.180326 0.000000
v -0.255380 0.180326 0.000000
v -0.242606 0.180326 0.000000
v -0.229832 0.180326 0.000000
v -0.217059 0.180326 0.000000
v -0.204285 0.180326 0.000000
v -0.191511 0.180326 0.000000
v -0.178738 0.180326 0.000000
v -0.165964 0.180326 0.000000
v -0.153190 0.180326 0.000000
v -0.140416 0.180326 0.000000
v -0.127643 0.180326 0.000000
v -0.114869 0.180326 0.000000
v -0.102095 0.180326 0.000000
v -0.089322 0.180326 0.000000
v -0.076548 0.180326 0.000000
v -0.063774 0.180326 0.000000
v -0.051000 0.180326 0.000000
v -0.038227 0.180326 0.000000
v -0.025453 0.180326 0.000000
v -0.012679 0.180326 0.000000
v 0.000095 0.180326 0.000000
v 0.012868 0.180326 0.000000
v 0.025642 0.180326 0.000000
v 0.038416 0.180326 0.000000
v 0.051189 0.180326 0.000000
v 0.063963 0.180326 0.000000
v 0.076737 0.180326 0.000000
v 0.089511 0.180326 0.000000
v 0.102284 0.180326 0.000000
v 0.115058 0.180326 0.000000
v 0.127832 0.180326 0.000000
v 0.140605 0.180326 0.000000
v 0.153379 0.180326 0.000000
v 0.166153 0.180326 0.000000
v 0.178927 0.180326 0.000000
v 0.191700 0.180326 0.000000
v 0.204474 0.180326 0.000000
v 0.217248 0.180326 0.000000
v 0.230022 0.180326 0.000000
v 0.242795 0.180326 0.000000
v 0.255569 0.180326 0.000000
v 0.268343 0.180326 0.000000
v 0.281116 0.180326 0.000000
v 0.293890 0.180326 0.000000
v 0.306664 0.180326 0.000000
v 0.319438 0.180326 0.000000
v 0.332211 0.180326 0.000000
v 0.344985 0.180326 0.000000
v 0.357759 0.180326 0.000000
v 0.370532 0.180326 0.000000
v -0.395891 0.167552 0.000000
v -0.383117 0.167552 0.000000
v -0.370343 0.167552 0.000000
v -0.357570 0.167552 0.000000
v -0.344796 0.167552 0.000000
v -0.332022 0.167552 0.000000
v -0.319249 0.167552 0.000000
v -0.306475 0.167552 0.000000
v -0.293701 0.167552 0.000000
v -0.280927 0.167552 0.000000
v -0.268154 0.167552 0.000000
v -0.255380 0.167552 0.000000
v -0.242606 0.167552 0.000000
v -0.229832 0.167552 0.000000
v -0.217059 0.167552 0.000000
v -0.204285 0.167552 0.000000
v -0.191511 0.167552 0.000000
v -0.178738 0.167552 0.000000
v -0.165964 0.167552 0.000000
v -0.153190 0.167552 0.000000
v -0.140416 0.167552 0.000000
v -0.127643 0.167552 0.000000
v -0.114869 0.167552 0.000000
v -0.102095 0.167552 0.000000
v -0.089322 0.167552 0.000000
v -0.076548 0.167552 0.000000
v -0.063774 0.167552 0.000000
v -0.051000 0.167552 0.000000
v -0.038227 0.167552 0.000000
v -0.025453 0.167552 0.000000
v -0.012679 0.167552 0.000000
v 0.000095 0.167552 0.000000
v 0.012868 0.167552 0.000000
v 0.025642 0.167552 0.000000
v 0.038416 0.167552 0.000000
v 0.051189 0.167552 0.000000
v 0.063963 0.167552 0.000000
v 0.076737 0.167552 0.000000
v 0.089511 0.167552 0.000000
v 0.102284 0.167552 0.000000
v 0.115058 0.167552 0.000000
v 0.127832 0.167552 0.000000
v 0.140605 0.167552 0.000000
v 0.153379 0.167552 0.000000
v 0.166153 0.167552 0.000000
v 0.178927 0.167552 0.000000
v 0.191700 0.167552 0.000000
v 0.204474 0.167552 0.000000
v 0.217248 0.167552 0.000000
v 0.230022 0.167552 0.000000
v 0.242795 0.167552 0.000000
v 0.255569 0.167552 0.000000
v 0.268343 0.167552 0.000000
v 0.281116 0.167552 0.000000
v 0.293890 0.167552 0.000000
v 0.306664 0.167552 0.000000
v 0.319438 0.167552 0.000000
v 0.332211 0.167552 0.000000
v 0.344985 0.167552 0.000000
v 0.357759 0.167552 0.000000
v 0.370532 0.167552 0.000000
v 0.383306 0.167552 0.000000
v -0.421438 0.154778 0.000000
v -0.408665 0.154778 0.000000
v -0.395891 0.154778 0.000000
v -0.383117 0.154778 0.000000
v -0.370343 0.154778 0.000000
v -0.357570 0.154778 0.000000
v -0.344796 0.154778 0.000000
v -0.332022 0.154778 0.000000
v -0.319249 0.154778 0.000000
v -0.306475 0.154778 0.000000
v -0.293701 0.154778 0.000000
v -0.280927 0.154778 0.000000
v -0.268154 0.154778 0.000000
v -0.255380 0.154778 0.000000
v -0.242606 0.154778 0.000000
v -0.229832 0.154778 0.000000
v -0.217059 0.154778 0.000000
v -0.204285 0.154778 0.000000
v -0.191511 0.154778 0.000000
v -0.178738 0.154778 0.000000
v -0.165964 0.154778 0.000000
v -0.153190 0.154778 0.000000
v -0.140416 0.154778 0.000000
v -0.127643 0.154778 0.000000
v -0.114869 0.154778 0.000000
v -0.102095 0.154778 0.000000
v -0.089322 0.154778 0.000000
v -0.076548 0.154778 0.000000
v -0.063774 0.154778 0.000000
v -0.051000 0.154778 0.000000
v -0.038227 0.154778 0.000000
v -0.025453 0.154778 0.000000
v -0.012679 0.154778 0.000000
v 0.000095 0.154778 0.000000
v 0.012868 0.154778 0.000000
v 0.025642 0.154778 0.000000
v 0.038416 0.154778 0.000000
v 0.051189 0.154778 0.000000
v 0.063963 0.154778 0.000000
v 0.076737 0.154778 0.000000
v 0.089511 0.154778 0.000000
v 0.102284 0.154778 0.000000
v 0.115058 0.154778 0.000000
v 0.127832 0.154778 0.000000
v 0.140605 0.154778 0.000000
v 0.153379 0.154778 0.000000
v 0.166153 0.154778 0.000000
v 0.178927 0.154778 0.000000
v 0.191700 0.154778 0.000000
v 0.204474 0.154778 0.000000
v 0.217248 0.154778 0.000000
v 0.230022 0.154778 0.000000
v 0.242795 0.154778 0.000000
v 0.255569 0.154778 0.000000
v 0.268343 0.154778 0.000000
v 0.281116 0.154778 0.000000
v 0.293890 0.154778 0.000000
v 0.306664 0.154778 0.000000
v 0.319438 0.154778 0.000000
v 0.332211 0.154778 0.000000
v 0.344985 0.154778 0.000000
v 0.357759 0.154778 0.000000
v 0.370532 0.154778 0.000000
v 0.383306 0.154778 0.000000
v -0.446986 0.142004 0.000000
v -0.434212 0.142004 0.000000
v -0.421438 0.142004 0.000000
v -0.408665 0.142004 0.000000
v -0.395891 0.142004 0.000000
v -0.383117 0.142004 0.000000
v -0.370343 0.142004 0.000000
v -0.357570 0.142004 0.000000
v -0.344796 0.142004 0.000000
v -0.332022 0.142004 0.000000
v -0.319249 0.142004 0.000000
v -0.306475 0.142004 0.000000
v -0.293701 0.142004 0.000000
v -0.280927 0.142004 0.000000
v -0.268154 0.142004 0.000000
v -0.255380 0.142004 0.000000
v -0.242606 0.142004 0.000000
v -0.229832 0.142004 0.000000
v -0.217059 0.142004 0.000000
v -0.204285 0.142004 0.000000
v -0.191511 0.142004 0.000000
v -0.178738 0.142004 0.000000
v -0.165964 0.142004 0.000000
v -0.153190 0.142004 0.000000
v -0.140416 0.142004 0.000000
v -0.127643 0.142004 0.000000
v -0.114869 0.142004 0.000000
v -0.102095 0.142004 0.000000
v -0.089322 0.142004 0.000000
v -0.076548 0.142004 0.000000
v -0.063774 0.142004 0.000000
v -0.051000 0.142004 0.000000
v -0.038227 0.142004 0.000000
v -0.025453 0.142004 0.000000
v -0.012679 0.142004 0.000000
v 0.000095 0.142004 0.000000
v 0.012868 0.142004 0.000000
v 0.025642 0.142004 0.000000
v 0.038416 0.142004 0.000000
v 0.051189 0.142004 0.000000
v 0.063963 0.142004 0.000000
v 0.076737 0.142004 0.000000
v 0.089511 0.142004 0.000000
v 0.102284 0.142004 0.000000
v 0.115058 0.142004 0.000000
v 0.127832 0.142004 0.000000
v 0.140605 0.142004 0.000000
v 0.153379 0.142004 0.000000
v 0.166153 0.142004 0.000000
v 0.178927 0.142004 0.000000
v 0.191700 0.142004 0.000000
v 0.204474 0.142004 0.000000
v 0.217248 0.142004 0.000000
v 0.230022 0.142004 0.000000
v 0.242795 0.142004 0.000000
v 0.255569 0.142004 0.000000
v 0.268343 0.142004 0.000000
v 0.281116 0.142004 0.000000
v 0.293890 0.142004 0.000000
v 0.306664 0.142004 0.000000
v 0.319438 0.142004 0.000000
v 0.332211 0.142004 0.000000
v 0.344985 0.142004 0.000000
v 0.357759 0.142004 0.000000
v 0.370532 0.142004 0.000000
v 0.383306 0.142004 0.000000
v -0.472533 0.129231 0.000000
v -0.459759 0.129231 0.000000
v -0.446986 0.129231 0.000000
v -0.434212 0.129231 0.000000
v -0.421438 0.129231 0.000000
v -0.408665 0.129231 0.000000
v -0.395891 0.129231 0.000000
v -0.383117 0.129231 0.000000
v -0.370343 0.129231 0.000000
v -0.357570 0.129231 0.000000
v -0.344796 0.129231 0.000000
v -0.332022 0.129231 0.000000
v -0.319249 0.129231 0.000000
v -0.306475 0.129231 0.000000
v -0.293701 0.129231 0.000000
v -0.280927 0.129231 0.000000
v -0.268154 0.129231 0.000000
v -0.255380 0.129231 0.000000
v -0.242606 0.129231 0.000000
v -0.229832 0.129231 0.000000
v -0.217059 0.129231 0.000000
v -0.204285 0.129231 0.000000
v -0.191511 0.129231 0.000000
v -0.178738 0.129231 0.000000
v -0.165964 0.129231 0.000000
v -0.153190 0.129231 0.000000
v -0.140416 0.129231 0.000000
v -0.127643 0.129231 0.000000
v -0.114869 0.129231 0.000000
v -0.102095 0.129231 0.000000
v -0.089322 0.129231 0.000000
v -0.076548 0.129231 0.000000
v -0.063774 0.129231 0.000000
v -0.051000 0.129231 0.000000
v -0.038227 0.129231 0.000000
v -0.025453 0.129231 0.000000
v -0.012679 0.129231 0.000000
v 0.000095 0.129231 0.000000
v 0.012868 0.129231 0.000000
v 0.025642 0.129231 0.000000
v 0.038416 0.129231 0.000000
v 0.051189 0.129231 0.000000
v 0.063963 0.129231 0.000000
v 0.076737 0.129231 0.000000
v 0.089511 0.129231 0.000000
v 0.102284 0.129231 0.000000
v 0.115058 0.129231 0.000000
v 0.127832 0.129231 0.000000
v 0.140605 0.129231 0.000000
v 0.153379 0.129231 0.000000
v 0.166153 0.129231 0.000000
v 0.178927 0.129231 0.000000
v 0.191700 0.129231 0.000000
v 0.204474 0.129231 0.000000
v 0.217248 0.129231 0.000000
v 0.230022 0.129231 0.000000
v 0.242795 0.129231 0.000000
v 0.255569 0.129231 0.000000
v 0.268343 0.129231 0.000000
v 0.281116 0.129231 0.000000
v 0.293890 0.129231 0.000000
v 0.306664 0.129231 0.000000
v 0.319438 0.129231 0.000000
v 0.332211 0.129231 0.000000
v 0.344985 0.129231 0.000000
v 0.357759 0.129231 0.000000
v 0.370532 0.129231 0.000000
v 0.383306 0.129231 0.000000
v -0.485307 0.116457 0.000000
v -0.472533 0.116457 0.000000
v -0.459759 0.116457 0.000000
v -0.446986 0.116457 0.000000
v -0.434212 0.116457 0.000000
v -0.421438 0.116457 0.000000
v -0.408665 0.116457 0.000000
v -0.395891 0.116457 0.000000
v -0.383117 0.116457 0.000000
v -0.370343 0.116457 0.000000
v -0.357570 0.116457 0.000000
v -0.344796 0.116457 0.000000
v -0.332022 0.116457 0.000000
v -0.319249 0.116457 0.000000
v -0.306475 0.116457 0.000000
v -0.293701 0.116457 0.000000
v -0.280927 0.116457 0.000000
v -0.268154 0.116457 0.000000
v -0.255380 0.116457 0.000000
v -0.242606 0.116457 0.000000
v -0.229832 0.116457 0.000000
v -0.217059 0.116457 0.000000
v -0.204285 0.116457 0.000000
v -0.191511 0.116457 0.000000
v -0.178738 0.116457 0.000000
v -0.165964 0.116457 0.000000
v -0.153190 0.116457 0.000000
v -0.140416 0.116457 0.000000
v -0.127643 0.116457 0.000000
v -0.114869 0.116457 0.000000
v -0.102095 0.116457 0.000000
v -0.089322 0.116457 0.000000
v -0.076548 0.116457 0.000000
v -0.063774 0.116457 0.000000
v -0.051000 0.116457 0.000000
v -0.038227 0.116457 0.000000
v -0.025453 0.116457 0.000000
v -0.012679 0.116457 0.000000
v 0.000095 0.116457 0.000000
v 0.012868 0.116457 0.000000
v 0.025642 0.116457 0.000000
v 0.038416 0.116457 0.000000
v 0.051189 0.116457 0.000000
v 0.063963 0.116457 0.000000
v 0.076737 0.116457 0.000000
v 0.089511 0.116457 0.000000
v 0.102284 0.116457 0.000000
v 0.115058 0.116457 0.000000
v 0.127832 0.116457 0.000000
v 0.140605 0.116457 0.000000
v 0.153379 0.116457 0.000000
v 0.166153 0.116457 0.000000
v 0.178927 0.116457 0.000000
v 0.191700 0.116457 0.000000
v 0.204474 0.116457 0.000000
v 0.217248 0.116457 0.000000
v 0.230022 0.116457 0.000000
v 0.242795 0.116457 0.000000
v 0.255569 0.116457 0.000000
v 0.268343 0.116457 0.000000
v 0.281116 0.116457 0.000000
v 0.293890 0.116457 0.000000
v 0.306664 0.116457 0.000000
v 0.319438 0.116457 0.000000
v 0.332211 0.116457 0.000000
v 0.344985 0.116457 0.000000
v 0.357759 0.116457 0.000000
v 0.370532 0.116457 0.000000
v 0.383306 0.116457 0.000000
v 0.396080 0.116457 0.000000
v -0.498081 0.103683 0.000000
v -0.485307 0.103683 0.000000
v -0.472533 0.103683 0.000000
v -0.459759 0.103683 0.000000
v -0.446986 0.103683 0.000000
v -0.434212 0.103683 0.000000
v -0.421438 0.103683 0.000000
v -0.408665 0.103683 0.000000
v -0.395891 0.103683 0.000000
v -0.383117 0.103683 0.000000
v -0.370343 0.103683 0.000000
v -0.357570 0.103683 0.000000
v -0.344796 0.103683 0.000000
v -0.332022 0.103683 0.000000
v -0.319249 0.103683 0.000000
v -0.306475 0.103683 0.000000
v -0.293701 0.103683 0.000000
v -0.280927 0.103683 0.000000
v -0.268154 0.103683 0.000000
v -0.255380 0.103683 0.000000
v -0.242606 0.103683 0.000000
v -0.229832 0.103683 0.000000
v -0.217059 0.103683 0.000000
v -0.204285 0.103683 0.000000
v -0.191511 0.103683 0.000000
v -0.178738 0.103683 0.000000
v -0.165964 0.103683 0.000000
v -0.153190 0.103683 0.000000
v -0.140416 0.103683 0.000000
v -0.127643 0.103683 0.000000
v -0.114869 0.103683 0.000000
v -0.102095 0.103683 0.000000
v -0.089322 0.103683 0.000000
v -0.076548 0.103683 0.000000
v -0.063774 0.103683 0.000000
v -0.051000 0.103683 0.000000
v -0.038227 0.103683 0.000000
v -0.025453 0.103683 0.000000
v -0.012679 0.103683 0.000000
v 0.000095 0.103683 0.000000
v 0.012868 0.103683 0.000000
v 0.025642 0.103683 0.000000
v 0.038416 0.103683 0.000000
v 0.051189 0.103683 0.000000
v 0.063963 0.103683 0.000000
v 0.076737 0.103683 0.000000
v 0.089511 0.103683 0.000000
v 0.102284 0.103683 0.000000
v 0.115058 0.103683 0.000000
v 0.127832 0.103683 0.000000
v 0.140605 0.103683 0.000000
v 0.153379 0.103683 0.000000
v 0.166153 0.103683 0.000000
v 0.178927 0.103683 0.000000
v 0.191700 0.103683 0.000000
v 0.204474 0.103683 0.000000
v 0.217248 0.103683 0.000000
v 0.230022 0.103683 0.000000
v 0.242795 0.103683 0.000000
v 0.255569 0.103683 0.000000
v 0.268343 0.103683 0.000000
v 0.281116 0.103683 0.000000
v 0.293890 0.103683 0.000000
v 0.306664 0.103683 0.000000
v 0.319438 0.103683 0.000000
v 0.332211 0.103683 0.000000
v 0.344985 0.103683 0.000000
v 0.357759 0.103683 0.000000
v 0.370532 0.103683 0.000000
v 0.383306 0.103683 0.000000
v 0.396080 0.103683 0.000000
v -0.510854 0.090909 0.000000
v -0.498081 0.090909 0.000000
v -0.485307 0.090909 0.000000
v -0.472533 0.090909 0.000000
v -0.459759 0.090909 0.000000
v -0.446986 0.090909 0.000000
v -0.434212 0.090909 0.000000
v -0.421438 0.090909 0.000000
v -0.408665 0.090909 0.000000
v -0.395891 0.090909 0.000000
v -0.383117 0.090909 0.000000
v -0.370343 0.090909 0.000000
v -0.357570 0.090909 0.000000
v -0.344796 0.090909 0.000000
v -0.332022 0.090909 0.000000
v -0.319249 0.090909 0.000000
v -0.306475 0.090909 0.000000
v -0.293701 0.090909 0.000000
v -0.280927 0.090909 0.000000
v -0.268154 0.090909 0.000000
v -0.255380 0.090909 0.000000
v -0.242606 0.090909 0.000000
v -0.229832 0.090909 0.000000
v -0.217059 0.090909 0.000000
v -0.204285 0.090909 0.000000
v -0.191511 0.090909 0.000000
v -0.178738 0.090909 0.000000
v -0.165964 0.090909 0.000000
v -0.153190 0.090909 0.000000
v -0.140416 0.090909 0.000000
v -0.127643 0.090909 0.000000
v -0.114869 0.090909 0.000000
v -0.102095 0.090909 0.000000
v -0.089322 0.090909 0.000000
v -0.076548 0.090909 0.000000
v -0.063774 0.090909 0.000000
v -0.051000 0.090909 0.000000
v -0.038227 0.090909 0.000000
v -0.025453 0.090909 0.000000
v -0.012679 0.090909 0.000000
v 0.000095 0.090909 0.000000
v 0.012868 0.090909 0.000000
v 0.025642 0.090909 0.000000
v 0.038416 0.090909 0.000000
v 0.051189 0.090909 0.000000
v 0.063963 0.090909 0.000000
v 0.076737 0.090909 0.000000
v 0.089511 0.090909 0.000000
v 0.102284 0.090909 0.000000
v 0.115058 0.090909 0.000000
v 0.127832 0.090909 0.000000
v 0.140605 0.090909 0.000000
v 0.153379 0.090909 0.000000
v 0.166153 0.090909 0.000000
v 0.178927 0.090909 0.000000
v 0.191700 0.090909 0.000000
v 0.204474 0.090909 0.000000
v 0.217248 0.090909 0.000000
v 0.230022 0.090909 0.000000
v 0.242795 0.090909 0.000000
v 0.255569 0.090909 0.000000
v 0.268343 0.090909 0.000000
v 0.281116 0.090909 0.000000
v 0.293890 0.090909 0.000000
v 0.306664 0.090909 0.000000
v 0.319438 0.090909 0.000000
v 0.332211 0.090909 0.000000
v 0.344985 0.090909 0.000000
v 0.357759 0.090909 0.000000
v 0.370532 0.090909 0.000000
v 0.383306 0.090909 0.000000
v 0.396080 0.090909 0.000000
v -0.510854 0.078136 0.000000
v -0.498081 0.078136 0.000000
v -0.485307 0.078136 0.000000
v -0.472533 0.078136 0.000000
v -0.459759 0.078136 0.000000
v -0.446986 0.078136 0.000000
v -0.434212 0.078136 0.000000
v -0.421438 0.078136 0.000000
v -0.408665 0.078136 0.000000
v -0.395891 0.078136 0.000000
v -0.383117 0.078136 0.000000
v -0.370343 0.078136 0.000000
v -0.357570 0.078136 0.000000
v -0.344796 0.078136 0.000000
v -0.332022 0.078136 0.000000
v -0.319249 0.078136 0.000000
v -0.306475 0.078136 0.000000
v -0.293701 0.078136 0.000000
v -0.280927 0.078136 0.000000
v -0.268154 0.078136 0.000000
v -0.255380 0.078136 0.000000
v -0.242606 0.078136 0.000000
v -0.229832 0.078136 0.000000
v -0.217059 0.078136 0.000000
v -0.204285 0.078136 0.000000
v -0.191511 0.078136 0.000000
v -0.178738 0.078136 0.000000
v -0.165964 0.078136 0.000000
v -0.153190 0.078136 0.000000
v -0.140416 0.078136 0.000000
v -0.127643 0.078136 0.000000
v -0.114869 0.078136 0.000000
v -0.102095 0.078136 0.000000
v -0.089322 0.078136 0.000000
v -0.076548 0.078136 0.000000
v -0.063774 0.078136 0.000000
v -0.051000 0.078136 0.000000
v -0.038227 0.078136 0.000000
v -0.025453 0.078136 0.000000
v -0.012679 0.078136 0.000000
v 0.000095 0.078136 0.000000
v 0.012868 0.078136 0.000000
v 0.025642 0.078136 0.000000
v 0.038416 0.078136 0.000000
v 0.051189 0.078136 0.000000
v 0.063963 0.078136 0.000000
v 0.076737 0.078136 0.000000
v 0.089511 0.078136 0.000000
v 0.102284 0.078136 0.000000
v 0.115058 0.078136 0.000000
v 0.127832 0.078136 0.000000
v 0.140605 0.078136 0.000000
v 0.153379 0.078136 0.000000
v 0.166153 0.078136 0.000000
v 0.178927 0.078136 0.000000
v 0.191700 0.078136 0.000000
v 0.204474 0.078136 0.000000
v 0.217248 0.078136 0.000000
v 0.230022 0.078136 0.000000
v 0.242795 0.078136 0.000000
v 0.255569 0.078136 0.000000
v 0.268343 0.078136 0.000000
v 0.281116 0.078136 0.000000
v 0.293890 0.078136 0.000000
v 0.306664 0.078136 0.000000
v 0.319438 0.078136 0.000000
v 0.332211 0.078136 0.000000
v 0.344985 0.078136 0.000000
v 0.357759 0.078136 0.000000
v 0.370532 0.078136 0.000000
v 0.383306 0.078136 0.000000
v 0.396080 0.078136 0.000000
v -0.510854 0.065362 0.000000
v -0.498081 0.065362 0.000000
v -0.485307 0.065362 0.000000
v -0.472533 0.065362 0.000000
v -0.459759 0.065362 0.000000
v -0.446986 0.065362 0.000000
v -0.434212 0.065362 0.000000
v -0.421438 0.065362 0.000000
v -0.408665 0.065362 0.000000
v -0.395891 0.065362 0.000000
v -0.383117 0.065362 0.000000
v -0.370343 0.065362 0.000000
v -0.357570 0.065362 0.000000
v -0.344796 0.065362 0.000000
v -0.332022 0.065362 0.000000
v -0.319249 0.065362 0.000000
v -0.306475 0.065362 0.000000
v -0.293701 0.065362 0.000000
v -0.280927 0.065362 0.000000
v -0.268154 0.065362 0.000000
v -0.255380 0.065362 0.000000
v -0.242606 0.065362 0.000000
v -0.229832 0.065362 0.000000
v -0.217059 0.065362 0.000000
v -0.204285 0.065362 0.000000
v -0.191511 0.065362 0.000000
v -0.178738 0.065362 0.000000
v -0.165964 0.065362 0.000000
v -0.153190 0.065362 0.000000
v -0.140416 0.065362 0.000000
v -0.127643 0.065362 0.000000
v -0.114869 0.065362 0.000000
v -0.102095 0.065362 0.000000
v -0.089322 0.065362 0.000000
v -0.076548 0.065362 0.000000
v -0.063774 0.065362 0.000000
v -0.051000 0.065362 0.000000
v -0.038227 0.065362 0.000000
v -0.025453 0.065362 0.000000
v -0.012679 0.065362 0.000000
v 0.000095 0.065362 0.000000
v 0.012868 0.065362 0.000000
v 0.025642 0.065362 0.000000
v 0.038416 0.065362 0.000000
v 0.051189 0.065362 0.000000
v 0.063963 0.065362 0.000000
v 0.076737 0.065362 0.000000
v 0.089511 0.065362 0.000000
v 0.102284 0.065362 0.000000
v 0.115058 0.065362 0.000000
v 0.127832 0.065362 0.000000
v 0.140605 0.065362 0.000000
v 0.153379 0.065362 0.000000
v 0.166153 0.065362 0.000000
v 0.178927 0.065362 0.000000
v 0.191700 0.065362 0.000000
v 0.204474 0.065362 0.000000
v 0.217248 0.065362 0.000000
v 0.230022 0.065362 0.000000
v 0.242795 0.065362 0.000000
v 0.255569 0.065362 0.000000
v 0.268343 0.065362 0.000000
v 0.281116 0.065362 0.000000
v 0.293890 0.065362 0.000000
v 0.306664 0.065362 0.000000
v 0.319438 0.065362 0.000000
v 0.332211 0.065362 0.000000
v 0.344985 0.065362 0.000000
v 0.357759 0.065362 0.000000
v 0.370532 0.065362 0.000000
v 0.383306 0.065362 0.000000
v 0.396080 0.065362 0.000000
v -0.510854 0.052588 0.000000
v -0.498081 0.052588 0.000000
v -0.485307 0.052588 0.000000
v -0.472533 0.052588 0.000000
v -0.459759 0.052588 0.000000
v -0.446986 0.052588 0.000000
v -0.434212 0.052588 0.000000
v -0.421438 0.052588 0.000000
v -0.408665 0.052588 0.000000
v -0.395891 0.052588 0.000000
v -0.383117 0.052588 0.000000
v -0.370343 0.052588 0.000000
v -0.357570 0.052588 0.000000
v -0.344796 0.052588 0.000000
v -0.332022 0.052588 0.000000
v -0.319249 0.052588 0.000000
v -0.306475 0.052588 0.000000
v -0.293701 0.052588 0.000000
v -0.280927 0.052588 0.000000
v -0.268154 0.052588 0.000000
v -0.255380 0.052588 0.000000
v -0.242606 0.052588 0.000000
v -0.229832 0.052588 0.000000
v -0.217059 0.052588 0.000000
v -0.204285 0.052588 0.000000
v -0.191511 0.052588 0.000000
v -0.178738 0.052588 0.000000
v -0.165964 0.052588 0.000000
v -0.153190 0.052588 0.000000
v -0.140416 0.052588 0.000000
v -0.127643 0.052588 0.000000
v -0.114869 0.052588 0.000000
v -0.102095 0.052588 0.000000
v -0.089322 0.052588 0.000000
v -0.076548 0.052588 0.000000
v -0.063774 0.052588 0.000000
v -0.051000 0.052588 0.000000
v -0.038227 0.052588 0.000000
v -0.025453 0.052588 0.000000
v -0.012679 0.052588 0.000000
v 0.000095 0.052588 0.000000
v 0.012868 0.052588 0.000000
v 0.025642 0.052588 0.000000
v 0.038416 0.052588 0.000000
v 0.051189 0.052588 0.000000
v 0.063963 0.052588 0.000000
v 0.076737 0.052588 0.000000
v 0.089511 0.052588 0.000000
v 0.102284 0.052588 0.000000
v 0.115058 0.052588 0.000000
v 0.127832 0.052588 0.000000
v 0.140605 0.052588 0.000000
v 0.153379 0.052588 0.000000
v 0.166153 0.052588 0.000000
v 0.178927 0.052588 0.000000
v 0.191700 0.052588 0.000000
v 0.204474 0.052588 0.000000
v 0.217248 0.052588 0.000000
v 0.230022 0.052588 0.000000
v 0.242795 0.052588 0.000000
v 0.255569 0.052588 0.000000
v 0.268343 0.052588 0.000000
v 0.281116 0.052588 0.000000
v 0.293890 0.052588 0.000000
v 0.306664 0.052588 0.000000
v 0.319438 0.052588 0.000000
v 0.332211 0.052588 0.000000
v 0.344985 0.052588 0.000000
v 0.357759 0.052588 0.000000
v 0.370532 0.052588 0.000000
v 0.383306 0.052588 0.000000
v 0.396080 0.052588 0.000000
v -0.510854 0.039815 0.000000
v -0.498081 0.039815 0.000000
v -0.485307 0.039815 0.000000
v -0.472533 0.039815 0.000000
v -0.459759 0.039815 0.000000
v -0.446986 0.039815 0.000000
v -0.434212 0.039815 0.000000
v -0.421438 0.039815 0.000000
v -0.408665 0.039815 0.000000
v -0.395891 0.039815 0.000000
v -0.383117 0.039815 0.000000
v -0.370343 0.039815 0.000000
v -0.357570 0.039815 0.000000
v -0.344796 0.039815 0.000000
v -0.332022 0.039815 0.000000
v -0.319249 0.039815 0.000000
v -0.306475 0.039815 0.000000
v -0.293701 0.039815 0.000000
v -0.280927 0.039815 0.000000
v -0.268154 0.039815 0.000000
v -0.255380 0.039815 0.000000
v -0.242606 0.039815 0.000000
v -0.229832 0.039815 0.000000
v -0.217059 0.039815 0.000000
v -0.204285 0.039815 0.000000
v -0.191511 0.039815 0.000000
v -0.178738 0.039815 0.000000
v -0.165964 0.039815 0.000000
v -0.153190 0.039815 0.000000
v -0.140416 0.039815 0.000000
v -0.127643 0.039815 0.000000
v -0.114869 0.039815 0.000000
v -0.102095 0.039815 0.000000
v -0.089322 0.039815 0.000000
v -0.076548 0.039815 0.000000
v -0.063774 0.039815 0.000000
v -0.051000 0.039815 0.000000
v -0.038227 0.039815 0.000000
v -0.025453 0.039815 0.000000
v -0.012679 0.039815 0.000000
v 0.000095 0.039815 0.000000
v 0.012868 0.039815 0.000000
v 0.025642 0.039815 0.000000
v 0.038416 0.039815 0.000000
v 0.051189 0.039815 0.000000
v 0.063963 0.039815 0.000000
v 0.076737 0.039815 0.000000
v 0.089511 0.039815 0.000000
v 0.102284 0.039815 0.000000
v 0.115058 0.039815 0.000000
v 0.127832 0.039815 0.000000
v 0.140605 0.039815 0.000000
v 0.153379 0.039815 0.000000
v 0.166153 0.039815 0.000000
v 0.178927 0.039815 0.000000
v 0.191700 0.039815 0.000000
v 0.204474 0.039815 0.000000
v 0.217248 0.039815 0.000000
v 0.230022 0.039815 0.000000
v 0.242795 0.039815 0.000000
v 0.255569 0.039815 0.000000
v 0.268343 0.039815 0.000000
v 0.281116 0.039815 0.000000
v 0.293890 0.039815 0.000000
v 0.306664 0.039815 0.000000
v 0.319438 0.039815 0.000000
v 0.332211 0.039815 0.000000
v 0.344985 0.039815 0.000000
v 0.357759 0.039815 0.000000
v 0.370532 0.039815 0.000000
v 0.383306 0.039815 0.000000
v 0.396080 0.039815 0.000000
v -0.510854 0.027041 0.000000
v -0.498081 0.027041 0.000000
v -0.485307 0.027041 0.000000
v -0.472533 0.027041 0.000000
v -0.459759 0.027041 0.000000
v -0.446986 0.027041 0.000000
v -0.434212 0.027041 0.000000
v -0.421438 0.027041 0.000000
v -0.408665 0.027041 0.000000
v -0.395891 0.027041 0.000000
v -0.383117 0.027041 0.000000
v -0.370343 0.027041 0.000000
v -0.357570 0.027041 0.000000
v -0.344796 0.027041 0.000000
v -0.332022 0.027041 0.000000
v -0.319249 0.027041 0.000000
v -0.306475 0.027041 0.000000
v -0.293701 0.027041 0.000000
v -0.280927 0.027041 0.000000
v -0.268154 0.027041 0.000000
v -0.255380 0.027041 0.000000
v -0.242606 0.027041 0.000000
v -0.229832 0.027041 0.000000
v -0.217059 0.027041 0.000000
v -0.204285 0.027041 0.000000
v -0.191511 0.027041 0.000000
v -0.178738 0.027041 0.000000
v -0.165964 0.027041 0.000000
v -0.153190 0.027041 0.000000
v -0.140416 0.027041 0.000000
v -0.127643 0.027041 0.000000
v -0.114869 0.027041 0.000000
v -0.102095 0.027041 0.000000
v -0.089322 0.027041 0.000000
v -0.076548 0.027041 0.000000
v -0.063774 0.027041 0.000000
v -0.051000 0.027041 0.000000
v -0.038227 0.027041 0.000000
v -0.025453 0.027041 0.000000
v -0.012679 0.027041 0.000000
v 0.000095 0.027041 0.000000
v 0.012868 0.027041 0.000000
v 0.025642 0.027041 0.000000
v 0.038416 0.027041 0.000000
v 0.051189 0.027041 0.000000
v 0.063963 0.027041 0.000000
v 0.076737 0.027041 0.000000
v 0.089511 0.027041 0.000000
v 0.102284 0.027041 0.000000
v 0.115058 0.027041 0.000000
v 0.127832 0.027041 0.000000
v 0.140605 0.027041 0.000000
v 0.153379 0.027041 0.000000
v 0.166153 0.027041 0.000000
v 0.178927 0.027041 0.000000
v 0.191700 0.027041 0.000000
v 0.204474 0.027041 0.000000
v 0.217248 0.027041 0.000000
v 0.230022 0.027041 0.000000
v 0.242795 0.027041 0.000000
v 0.255569 0.027041 0.000000
v 0.268343 0.027041 0.000000
v 0.281116 0.027041 0.000000
v 0.293890 0.027041 0.000000
v 0.306664 0.027041 0.000000
v 0.319438 0.027041 0.000000
v 0.332211 0.027041 0.000000
v 0.344985 0.027041 0.000000
v 0.357759 0.027041 0.000000
v 0.370532 0.027041 0.000000
v 0.383306 0.027041 0.000000
v 0.396080 0.027041 0.000000
v -0.498081 0.014267 0.000000
v -0.485307 0.014267 0.000000
v -0.472533 0.014267 0.000000
v -0.459759 0.014267 0.000000
v -0.446986 0.014267 0.000000
v -0.434212 0.014267 0.000000
v -0.421438 0.014267 0.000000
v -0.408665 0.014267 0.000000
v -0.395891 0.014267 0.000000
v -0.383117 0.014267 0.000000
v -0.370343 0.014267 0.000000
v -0.357570 0.014267 0.000000
v -0.344796 0.014267 0.000000
v -0.332022 0.014267 0.000000
v -0.319249 0.014267 0.000000
v -0.306475 0.014267 0.000000
v -0.293701 0.014267 0.000000
v -0.280927 0.014267 0.000000
v -0.268154 0.014267 0.000000
v -0.255380 0.014267 0.000000
v -0.242606 0.014267 0.000000
v -0.229832 0.014267 0.000000
v -0.217059 0.014267 0.000000
v -0.204285 0.014267 0.000000
v -0.191511 0.014267 0.000000
v -0.178738 0.014267 0.000000
v -0.165964 0.014267 0.000000
v -0.153190 0.014267 0.000000
v -0.140416 0.014267 0.000000
v -0.127643 0.014267 0.000000
v -0.114869 0.014267 0.000000
v -0.102095 0.014267 0.000000
v -0.089322 0.014267 0.000000
v -0.076548 0.014267 0.000000
v -0.063774 0.014267 0.000000
v -0.051000 0.014267 0.000000
v -0.038227 0.014267 0.000000
v -0.025453 0.014267 0.000000
v -0.012679 0.014267 0.000000
v 0.000095 0.014267 0.000000
v 0.012868 0.014267 0.000000
v 0.025642 0.014267 0.000000
v 0.038416 0.014267 0.000000
v 0.051189 0.014267 0.000000
v 0.063963 0.014267 0.000000
v 0.076737 0.014267 0.000000
v 0.089511 0.014267 0.000000
v 0.102284 0.014267 0.000000
v 0.115058 0.014267 0.000000
v 0.127832 0.014267 0.000000
v 0.140605 0.014267 0.000000
v 0.153379 0.014267 0.000000
v 0.166153 0.014267 0.000000
v 0.178927 0.014267 0.000000
v 0.191700 0.014267 0.000000
v 0.204474 0.014267 0.000000
v 0.217248 0.014267 0.000000
v 0.230022 0.014267 0.000000
v 0.242795 0.014267 0.000000
v 0.255569 0.014267 0.000000
v 0.268343 0.014267 0.000000
v 0.281116 0.014267 0.000000
v 0.293890 0.014267 0.000000
v 0.306664 0.014267 0.000000
v 0.319438 0.014267 0.000000
v 0.332211 0.014267 0.000000
v 0.344985 0.014267 0.000000
v 0.357759 0.014267 0.000000
v 0.370532 0.014267 0.000000
v 0.383306 0.014267 0.000000
v 0.396080 0.014267 0.000000
v -0.498081 0.001493 0.000000
v -0.485307 0.001493 0.000000
v -0.472533 0.001493 0.000000
v -0.459759 0.001493 0.000000
v -0.446986 0.001493 0.000000
v -0.434212 0.001493 0.000000
v -0.421438 0.001493 0.000000
v -0.408665 0.001493 0.000000
v -0.395891 0.001493 0.000000
v -0.383117 0.001493 0.000000
v -0.370343 0.001493 0.000000
v -0.357570 0.001493 0.000000
v -0.344796 0.001493 0.000000
v -0.332022 0.001493 0.000000
v -0.319249 0.001493 0.000000
v -0.306475 0.001493 0.000000
v -0.293701 0.001493 0.000000
v -0.280927 0.001493 0.000000
v -0.268154 0.001493 0.000000
v -0.255380 0.001493 0.000000
v -0.242606 0.001493 0.000000
v -0.229832 0.001493 0.000000
v -0.217059 0.001493 0.000000
v -0.204285 0.001493 0.000000
v -0.191511 0.001493 0.000000
v -0.178738 0.001493 0.000000
v -0.165964 0.001493 0.000000
v -0.153190 0.001493 0.000000
v -0.140416 0.001493 0.000000
v -0.127643 0.001493 0.000000
v -0.114869 0.001493 0.000000
v -0.102095 0.001493 0.000000
v -0.089322 0.001493 0.000000
v -0.076548 0.001493 0.000000
v -0.063774 0.001493 0.000000
v -0.051000 0.001493 0.000000
v -0.038227 0.001493 0.000000
v -0.025453 0.001493 0.000000
v -0.012679 0.001493 0.000000
v 0.000095 0.001493 0.000000
v 0.012868 0.001493 0.000000
v 0.025642 0.001493 0.000000
v 0.038416 0.001493 0.000000
v 0.051189 0.001493 0.000000
v 0.063963 0.001493 0.000000
v 0.076737 0.001493 0.000000
v 0.089511 0.001493 0.000000
v 0.102284 0.001493 0.000000
v 0.115058 0.001493 0.000000
v 0.127832 0.001493 0.000000
v 0.140605 0.001493 0.000000
v 0.153379 0.001493 0.000000
v 0.166153 0.001493 0.000000
v 0.178927 0.001493 0.000000
v 0.191700 0.001493 0.000000
v 0.204474 0.001493 0.000000
v 0.217248 0.001493 0.000000
v 0.230022 0.001493 0.000000
v 0.242795 0.001493 0.000000
v 0.255569 0.001493 0.000000
v 0.268343 0.001493 0.000000
v 0.281116 0.001493 0.000000
v 0.293890 0.001493 0.000000
v 0.306664 0.001493 0.000000
v 0.319438 0.001493 0.000000
v 0.332211 0.001493 0.000000
v 0.344985 0.001493 0.000000
v 0.357759 0.001493 0.000000
v 0.370532 0.001493 0.000000
v 0.383306 0.001493 0.000000
v 0.396080 0.001493 0.000000
v -0.472533 -0.011280 0.000000
v -0.459759 -0.011280 0.000000
v -0.446986 -0.011280 0.000000
v -0.434212 -0.011280 0.000000
v -0.421438 -0.011280 0.000000
v -0.408665 -0.011280 0.000000
v -0.395891 -0.011280 0.000000
v -0.383117 -0.011280 0.000000
v -0.370343 -0.011280 0.000000
v -0.357570 -0.011280 0.000000
v -0.344796 -0.011280 0.000000
v -0.332022 -0.011280 0.000000
v -0.319249 -0.011280 0.000000
v -0.306475 -0.011280 0.000000
v -0.293701 -0.011280 0.000000
v -0.280927 -0.011280 0.000000
v -0.268154 -0.011280 0.000000
v -0.255380 -0.011280 0.000000
v -0.242606 -0.011280 0.000000
v -0.229832 -0.011280 0.000000
v -0.217059 -0.011280 0.000000
v -0.204285 -0.011280 0.000000
v -0.191511 -0.011280 0.000000
v -0.178738 -0.011280 0.000000
v -0.165964 -0.011280 0.000000
v -0.153190 -0.011280 0.000000
v -0.140416 -0.011280 0.000000
v -0.127643 -0.011280 0.000000
v -0.114869 -0.011280 0.000000
v -0.102095 -0.011280 0.000000
v -0.089322 -0.011280 0.000000
v -0.076548 -0.011280 0.000000
v -0.063774 -0.011280 0.000000
v -0.051000 -0.011280 0.000000
v -0.038227 -0.011280 0.000000
v -0.025453 -0.011280 0.000000
v -0.012679 -0.011280 0.000000
v 0.000095 -0.011280 0.000000
v 0.012868 -0.011280 0.000000
v 0.025642 -0.011280 0.000000
v 0.038416 -0.011280 0.000000
v 0.051189 -0.011280 0.000000
v 0.063963 -0.011280 0.000000
v 0.076737 -0.011280 0.000000
v 0.089511 -0.011280 0.000000
v 0.102284 -0.011280 0.000000
v 0.115058 -0.011280 0.000000
v 0.127832 -0.011280 0.000000
v 0.140605 -0.011280 0.000000
v 0.153379 -0.011280 0.000000
v 0.166153 -0.011280 0.000000
v 0.178927 -0.011280 0.000000
v 0.191700 -0.011280 0.000000
v 0.204474 -0.011280 0.000000
v 0.217248 -0.011280 0.000000
v 0.230022 -0.011280 0.000000
v 0.242795 -0.011280 0.000000
v 0.255569 -0.011280 0.000000
v 0.268343 -0.011280 0.000000
v 0.281116 -0.011280 0.000000
v 0.293890 -0.011280 0.000000
v 0.306664 -0.011280 0.000000
v 0.319438 -0.011280 0.000000
v 0.332211 -0.011280 0.000000
v 0.344985 -0.011280 0.000000
v 0.357759 -0.011280 0.000000
v 0.370532 -0.011280 0.000000
v 0.383306 -0.011280 0.000000
v 0.396080 -0.011280 0.000000
v 0.408854 -0.011280 0.000000
v -0.446986 -0.024054 0.000000
v -0.434212 -0.024054 0.000000
v -0.421438 -0.024054 0.000000
v -0.408665 -0.024054 0.000000
v -0.395891 -0.024054 0.000000
v -0.383117 -0.024054 0.000000
v -0.370343 -0.024054 0.000000
v -0.357570 -0.024054 0.000000
v -0.344796 -0.024054 0.000000
v -0.332022 -0.024054 0.000000
v -0.319249 -0.024054 0.000000
v -0.306475 -0.024054 0.000000
v -0.293701 -0.024054 0.000000
v -0.280927 -0.024054 0.000000
v -0.268154 -0.024054 0.000000
v -0.255380 -0.024054 0.000000
v -0.242606 -0.024054 0.000000
v -0.229832 -0.024054 0.000000
v -0.217059 -0.024054 0.000000
v -0.204285 -0.024054 0.000000
v -0.191511 -0.024054 0.000000
v -0.178738 -0.024054 0.000000
v -0.165964 -0.024054 0.000000
v -0.153190 -0.024054 0.000000
v -0.140416 -0.024054 0.000000
v -0.127643 -0.024054 0.000000
v -0.114869 -0.024054 0.000000
v -0.102095 -0.024054 0.000000
v -0.089322 -0.024054 0.000000
v -0.076548 -0.024054 0.000000
v -0.063774 -0.024054 0.000000
v -0.051000 -0.024054 0.000000
v -0.038227 -0.024054 0.000000
v -0.025453 -0.024054 0.000000
v -0.012679 -0.024054 0.000000
v 0.000095 -0.024054 0.000000
v 0.012868 -0.024054 0.000000
v 0.025642 -0.024054 0.000000
v 0.038416 -0.024054 0.000000
v 0.051189 -0.024054 0.000000
v 0.063963 -0.024054 0.000000
v 0.076737 -0.024054 0.000000
v 0.089511 -0.024054 0.000000
v 0.102284 -0.024054 0.000000
v 0.115058 -0.024054 0.000000
v 0.127832 -0.024054 0.000000
v 0.140605 -0.024054 0.000000
v 0.153379 -0.024054 0.000000
v 0.166153 -0.024054 0.000000
v 0.178927 -0.024054 0.000000
v 0.191700 -0.024054 0.000000
v 0.204474 -0.024054 0.000000
v 0.217248 -0.024054 0.000000
v 0.230022 -0.024054 0.000000
v 0.242795 -0.024054 0.000000
v 0.255569 -0.024054 0.000000
v 0.268343 -0.024054 0.000000
v 0.281116 -0.024054 0.000000
v 0.293890 -0.024054 0.000000
v 0.306664 -0.024054 0.000000
v 0.319438 -0.024054 0.000000
v 0.332211 -0.024054 0.000000
v 0.344985 -0.024054 0.000000
v 0.357759 -0.024054 0.000000
v 0.370532 -0.024054 0.000000
v 0.383306 -0.024054 0.000000
v 0.396080 -0.024054 0.000000
v 0.408854 -0.024054 0.000000
v -0.446986 -0.036828 0.000000
v -0.434212 -0.036828 0.000000
v -0.421438 -0.036828 0.000000
v -0.408665 -0.036828 0.000000
v -0.395891 -0.036828 0.000000
v -0.383117 -0.036828 0.000000
v -0.370343 -0.036828 0.000000
v -0.357570 -0.036828 0.000000
v -0.344796 -0.036828 0.000000
v -0.332022 -0.036828 0.000000
v -0.319249 -0.036828 0.000000
v -0.306475 -0.036828 0.000000
v -0.293701 -0.036828 0.000000
v -0.280927 -0.036828 0.000000
v -0.268154 -0.036828 0.000000
v -0.255380 -0.036828 0.000000
v -0.242606 -0.036828 0.000000
v -0.229832 -0.036828 0.000000
v -0.217059 -0.036828 0.000000
v -0.204285 -0.036828 0.000000
v -0.191511 -0.036828 0.000000
v -0.178738 -0.036828 0.000000
v -0.165964 -0.036828 0.000000
v -0.153190 -0.036828 0.000000
v -0.140416 -0.036828 0.000000
v -0.127643 -0.036828 0.000000
v -0.114869 -0.036828 0.000000
v -0.102095 -0.036828 0.000000
v -0.089322 -0.036828 0.000000
v -0.076548 -0.036828 0.000000
v -0.063774 -0.036828 0.000000
v -0.051000 -0.036828 0.000000
v -0.038227 -0.036828 0.000000
v -0.025453 -0.036828 0.000000
v -0.012679 -0.036828 0.000000
v 0.000095 -0.036828 0.000000
v 0.012868 -0.036828 0.000000
v 0.025642 -0.036828 0.000000
v 0.038416 -0.036828 0.000000
v 0.051189 -0.036828 0.000000
v 0.063963 -0.036828 0.000000
v 0.076737 -0.036828 0.000000
v 0.089511 -0.036828 0.000000
v 0.102284 -0.036828 0.000000
v 0.115058 -0.036828 0.000000
v 0.127832 -0.036828 0.000000
v 0.140605 -0.036828 0.000000
v 0.153379 -0.036828 0.000000
v 0.166153 -0.036828 0.000000
v 0.178927 -0.036828 0.000000
v 0.191700 -0.036828 0.000000
v 0.204474 -0.036828 0.000000
v 0.217248 -0.036828 0.000000
v 0.230022 -0.036828 0.000000
v 0.242795 -0.036828 0.000000
v 0.255569 -0.036828 0.000000
v 0.268343 -0.036828 0.000000
v 0.281116 -0.036828 0.000000
v 0.293890 -0.036828 0.000000
v 0.306664 -0.036828 0.000000
v 0.319438 -0.036828 0.000000
v 0.332211 -0.036828 0.000000
v 0.344985 -0.036828 0.000000
v 0.357759 -0.036828 0.000000
v 0.370532 -0.036828 0.000000
v 0.383306 -0.036828 0.000000
v 0.396080 -0.036828 0.000000
v -0.459759 -0.049602 0.000000
v -0.446986 -0.049602 0.000000
v -0.434212 -0.049602 0.000000
v -0.421438 -0.049602 0.000000
v -0.408665 -0.049602 0.000000
v -0.395891 -0.049602 0.000000
v -0.383117 -0.049602 0.000000
v -0.370343 -0.049602 0.000000
v -0.357570 -0.049602 0.000000
v -0.344796 -0.049602 0.000000
v -0.332022 -0.049602 0.000000
v -0.319249 -0.049602 0.000000
v -0.306475 -0.049602 0.000000
v -0.293701 -0.049602 0.000000
v -0.280927 -0.049602 0.000000
v -0.268154 -0.049602 0.000000
v -0.255380 -0.049602 0.000000
v -0.242606 -0.049602 0.000000
v -0.229832 -0.049602 0.000000
v -0.217059 -0.049602 0.000000
v -0.204285 -0.049602 0.000000
v -0.191511 -0.049602 0.000000
v -0.178738 -0.049602 0.000000
v -0.165964 -0.049602 0.000000
v -0.153190 -0.049602 0.000000
v -0.140416 -0.049602 0.000000
v -0.127643 -0.049602 0.000000
v -0.114869 -0.049602 0.000000
v -0.102095 -0.049602 0.000000
v -0.089322 -0.049602 0.000000
v -0.076548 -0.049602 0.000000
v -0.063774 -0.049602 0.000000
v -0.051000 -0.049602 0.000000
v -0.038227 -0.049602 0.000000
v -0.025453 -0.049602 0.000000
v -0.012679 -0.049602 0.000000
v 0.000095 -0.049602 0.000000
v 0.012868 -0.049602 0.000000
v 0.025642 -0.049602 0.000000
v 0.038416 -0.049602 0.000000
v 0.051189 -0.049602 0.000000
v 0.063963 -0.049602 0.000000
v 0.076737 -0.049602 0.000000
v 0.089511 -0.049602 0.000000
v 0.102284 -0.049602 0.000000
v 0.115058 -0.049602 0.000000
v 0.127832 -0.049602 0.000000
v 0.140605 -0.049602 0.000000
v 0.153379 -0.049602 0.000000
v 0.166153 -0.049602 0.000000
v 0.178927 -0.049602 0.000000
v 0.191700 -0.049602 0.000000
v 0.204474 -0.049602 0.000000
v 0.217248 -0.049602 0.000000
v 0.230022 -0.049602 0.000000
v 0.242795 -0.049602 0.000000
v 0.255569 -0.049602 0.000000
v 0.268343 -0.049602 0.000000
v 0.281116 -0.049602 0.000000
v 0.293890 -0.049602 0.000000
v 0.306664 -0.049602 0.000000
v 0.319438 -0.049602 0.000000
v 0.332211 -0.049602 0.000000
v 0.344985 -0.049602 0.000000
v 0.357759 -0.049602 0.000000
v 0.370532 -0.049602 0.000000
v 0.383306 -0.049602 0.000000
v 0.396080 -0.049602 0.000000
v -0.459759 -0.062375 0.000000
v -0.446986 -0.062375 0.000000
v -0.434212 -0.062375 0.000000
v -0.421438 -0.062375 0.000000
v -0.408665 -0.062375 0.000000
v -0.395891 -0.062375 0.000000
v -0.383117 -0.062375 0.000000
v -0.370343 -0.062375 0.000000
v -0.357570 -0.062375 0.000000
v -0.344796 -0.062375 0.000000
v -0.332022 -0.062375 0.000000
v -0.319249 -0.062375 0.000000
v -0.306475 -0.062375 0.000000
v -0.293701 -0.062375 0.000000
v -0.280927 -0.062375 0.000000
v -0.268154 -0.062375 0.000000
v -0.255380 -0.062375 0.000000
v -0.242606 -0.062375 0.000000
v -0.229832 -0.062375 0.000000
v -0.217059 -0.062375 0.000000
v -0.204285 -0.062375 0.000000
v -0.191511 -0.062375 0.000000
v -0.178738 -0.062375 0.000000
v -0.165964 -0.062375 0.000000
v -0.153190 -0.062375 0.000000
v -0.140416 -0.062375 0.000000
v -0.127643 -0.062375 0.000000
v -0.114869 -0.062375 0.000000
v -0.102095 -0.062375 0.000000
v -0.089322 -0.062375 0.000000
v -0.076548 -0.062375 0.000000
v -0.063774 -0.062375 0.000000
v -0.051000 -0.062375 0.000000
v -0.038227 -0.062375 0.000000
v -0.025453 -0.062375 0.000000
v -0.012679 -0.062375 0.000000
v 0.000095 -0.062375 0.000000
v 0.012868 -0.062375 0.000000
v 0.025642 -0.062375 0.000000
v 0.038416 -0.062375 0.000000
v 0.051189 -0.062375 0.000000
v 0.063963 -0.062375 0.000000
v 0.076737 -0.062375 0.000000
v 0.089511 -0.062375 0.000000
v 0.102284 -0.062375 0.000000
v 0.115058 -0.062375 0.000000
v 0.127832 -0.062375 0.000000
v 0.140605 -0.062375 0.000000
v 0.153379 -0.062375 0.000000
v 0.166153 -0.062375 0.000000
v 0.178927 -0.062375 0.000000
v 0.191700 -0.062375 0.000000
v 0.204474 -0.062375 0.000000
v 0.217248 -0.062375 0.000000
v 0.230022 -0.062375 0.000000
v 0.242795 -0.062375 0.000000
v 0.255569 -0.062375 0.000000
v 0.268343 -0.062375 0.000000
v 0.281116 -0.062375 0.000000
v 0.293890 -0.062375 0.000000
v 0.306664 -0.062375 0.000000
v 0.319438 -0.062375 0.000000
v 0.332211 -0.062375 0.000000
v 0.344985 -0.062375 0.000000
v 0.357759 -0.062375 0.000000
v 0.370532 -0.062375 0.000000
v 0.383306 -0.062375 0.000000
v 0.396080 -0.062375 0.000000
v -0.459759 -0.075149 0.000000
v -0.446986 -0.075149 0.000000
v -0.434212 -0.075149 0.000000
v -0.421438 -0.075149 0.000000
v -0.408665 -0.075149 0.000000
v -0.395891 -0.075149 0.000000
v -0.383117 -0.075149 0.000000
v -0.370343 -0.075149 0.000000
v -0.357570 -0.075149 0.000000
v -0.344796 -0.075149 0.000000
v -0.332022 -0.075149 0.000000
v -0.319249 -0.075149 0.000000
v -0.306475 -0.075149 0.000000
v -0.293701 -0.075149 0.000000
v -0.280927 -0.075149 0.000000
v -0.268154 -0.075149 0.000000
v -0.255380 -0.075149 0.000000
v -0.242606 -0.075149 0.000000
v -0.229832 -0.075149 0.000000
v -0.217059 -0.075149 0.000000
v -0.204285 -0.075149 0.000000
v -0.191511 -0.075149 0.000000
v -0.178738 -0.075149 0.000000
v -0.165964 -0.075149 0.000000
v -0.153190 -0.075149 0.000000
v -0.140416 -0.075149 0.000000
v -0.127643 -0.075149 0.000000
v -0.114869 -0.075149 0.000000
v -0.102095 -0.075149 0.000000
v -0.089322 -0.075149 0.000000
v -0.076548 -0.075149 0.000000
v -0.063774 -0.075149 0.000000
v -0.051000 -0.075149 0.000000
v -0.038227 -0.075149 0.000000
v -0.025453 -0.075149 0.000000
v -0.012679 -0.075149 0.000000
v 0.000095 -0.075149 0.000000
v 0.012868 -0.075149 0.000000
v 0.025642 -0.075149 0.000000
v 0.038416 -0.075149 0.000000
v 0.051189 -0.075149 0.000000
v 0.063963 -0.075149 0.000000
v 0.076737 -0.075149 0.000000
v 0.089511 -0.075149 0.000000
v 0.102284 -0.075149 0.000000
v 0.115058 -0.075149 0.000000
v 0.127832 -0.075149 0.000000
v 0.140605 -0.075149 0.000000
v 0.153379 -0.075149 0.000000
v 0.166153 -0.075149 0.000000
v 0.178927 -0.075149 0.000000
v 0.191700 -0.075149 0.000000
v 0.204474 -0.075149 0.000000
v 0.217248 -0.075149 0.000000
v 0.230022 -0.075149 0.000000
v 0.242795 -0.075149 0.000000
v 0.255569 -0.075149 0.000000
v 0.268343 -0.075149 0.000000
v 0.281116 -0.075149 0.000000
v 0.293890 -0.075149 0.000000
v 0.306664 -0.075149 0.000000
v 0.319438 -0.075149 0.000000
v 0.332211 -0.075149 0.000000
v 0.344985 -0.075149 0.000000
v 0.357759 -0.075149 0.000000
v 0.370532 -0.075149 0.000000
v 0.383306 -0.075149 0.000000
v 0.396080 -0.075149 0.000000
v -0.434212 -0.087923 0.000000
v -0.421438 -0.087923 0.000000
v -0.408665 -0.087923 0.000000
v -0.395891 -0.087923 0.000000
v -0.383117 -0.087923 0.000000
v -0.370343 -0.087923 0.000000
v -0.357570 -0.087923 0.000000
v -0.344796 -0.087923 0.000000
v -0.332022 -0.087923 0.000000
v -0.319249 -0.087923 0.000000
v -0.306475 -0.087923 0.000000
v -0.293701 -0.087923 0.000000
v -0.280927 -0.087923 0.000000
v -0.268154 -0.087923 0.000000
v -0.255380 -0.087923 0.000000
v -0.242606 -0.087923 0.000000
v -0.229832 -0.087923 0.000000
v -0.217059 -0.087923 0.000000
v -0.204285 -0.087923 0.000000
v -0.191511 -0.087923 0.000000
v -0.178738 -0.087923 0.000000
v -0.165964 -0.087923 0.000000
v -0.153190 -0.087923 0.000000
v -0.140416 -0.087923 0.000000
v -0.127643 -0.087923 0.000000
v -0.114869 -0.087923 0.000000
v -0.102095 -0.087923 0.000000
v -0.089322 -0.087923 0.000000
v -0.076548 -0.087923 0.000000
v -0.063774 -0.087923 0.000000
v -0.051000 -0.087923 0.000000
v -0.038227 -0.087923 0.000000
v -0.025453 -0.087923 0.000000
v -0.012679 -0.087923 0.000000
v 0.000095 -0.087923 0.000000
v 0.012868 -0.087923 0.000000
v 0.025642 -0.087923 0.000000
v 0.038416 -0.087923 0.000000
v 0.051189 -0.087923 0.000000
v 0.063963 -0.087923 0.000000
v 0.076737 -0.087923 0.000000
v 0.089511 -0.087923 0.000000
v 0.102284 -0.087923 0.000000
v 0.115058 -0.087923 0.000000
v 0.127832 -0.087923 0.000000
v 0.140605 -0.087923 0.000000
v 0.153379 -0.087923 0.000000
v 0.166153 -0.087923 0.000000
v 0.178927 -0.087923 0.000000
v 0.191700 -0.087923 0.000000
v 0.204474 -0.087923 0.000000
v 0.217248 -0.087923 0.000000
v 0.230022 -0.087923 0.000000
v 0.242795 -0.087923 0.000000
v 0.255569 -0.087923 0.000000
v 0.268343 -0.087923 0.000000
v 0.281116 -0.087923 0.000000
v 0.293890 -0.087923 0.000000
v 0.306664 -0.087923 0.000000
v 0.319438 -0.087923 0.000000
v 0.332211 -0.087923 0.000000
v 0.344985 -0.087923 0.000000
v 0.357759 -0.087923 0.000000
v 0.370532 -0.087923 0.000000
v 0.383306 -0.087923 0.000000
v 0.396080 -0.087923 0.000000
v -0.434212 -0.100696 0.000000
v -0.421438 -0.100696 0.000000
v -0.408665 -0.100696 0.000000
v -0.395891 -0.100696 0.000000
v -0.383117 -0.100696 0.000000
v -0.370343 -0.100696 0.000000
v -0.357570 -0.100696 0.000000
v -0.344796 -0.100696 0.000000
v -0.332022 -0.100696 0.000000
v -0.319249 -0.100696 0.000000
v -0.306475 -0.100696 0.000000
v -0.293701 -0.100696 0.000000
v -0.280927 -0.100696 0.000000
v -0.268154 -0.100696 0.000000
v -0.255380 -0.100696 0.000000
v -0.242606 -0.100696 0.000000
v -0.229832 -0.100696 0.000000
v -0.217059 -0.100696 0.000000
v -0.204285 -0.100696 0.000000
v -0.191511 -0.100696 0.000000
v -0.178738 -0.100696 0.000000
v -0.165964 -0.100696 0.000000
v -0.153190 -0.100696 0.000000
v -0.140416 -0.100696 0.000000
v -0.127643 -0.100696 0.000000
v -0.114869 -0.100696 0.000000
v -0.102095 -0.100696 0.000000
v -0.089322 -0.100696 0.000000
v -0.076548 -0.100696 0.000000
v -0.063774 -0.100696 0.000000
v -0.051000 -0.100696 0.000000
v -0.038227 -0.100696 0.000000
v -0.025453 -0.100696 0.000000
v -0.012679 -0.100696 0.000000
v 0.000095 -0.100696 0.000000
v 0.012868 -0.100696 0.000000
v 0.025642 -0.100696 0.000000
v 0.038416 -0.100696 0.000000
v 0.051189 -0.100696 0.000000
v 0.063963 -0.100696 0.000000
v 0.076737 -0.100696 0.000000
v 0.089511 -0.100696 0.000000
v 0.102284 -0.100696 0.000000
v 0.115058 -0.100696 0.000000
v 0.127832 -0.100696 0.000000
v 0.140605 -0.100696 0.000000
v 0.153379 -0.100696 0.000000
v 0.166153 -0.100696 0.000000
v 0.178927 -0.100696 0.000000
v 0.191700 -0.100696 0.000000
v 0.204474 -0.100696 0.000000
v 0.217248 -0.100696 0.000000
v 0.230022 -0.100696 0.000000
v 0.242795 -0.100696 0.000000
v 0.255569 -0.100696 0.000000
v 0.268343 -0.100696 0.000000
v 0.281116 -0.100696 0.000000
v 0.293890 -0.100696 0.000000
v 0.306664 -0.100696 0.000000
v 0.319438 -0.100696 0.000000
v 0.332211 -0.100696 0.000000
v 0.344985 -0.100696 0.000000
v 0.357759 -0.100696 0.000000
v 0.370532 -0.100696 0.000000
v 0.383306 -0.100696 0.000000
v -0.434212 -0.113470 0.000000
v -0.421438 -0.113470 0.000000
v -0.408665 -0.113470 0.000000
v -0.395891 -0.113470 0.000000
v -0.383117 -0.113470 0.000000
v -0.370343 -0.113470 0.000000
v -0.357570 -0.113470 0.000000
v -0.344796 -0.113470 0.000000
v -0.332022 -0.113470 0.000000
v -0.319249 -0.113470 0.000000
v -0.306475 -0.113470 0.000000
v -0.293701 -0.113470 0.000000
v -0.280927 -0.113470 0.000000
v -0.268154 -0.113470 0.000000
v -0.255380 -0.113470 0.000000
v -0.242606 -0.113470 0.000000
v -0.229832 -0.113470 0.000000
v -0.217059 -0.113470 0.000000
v -0.204285 -0.113470 0.000000
v -0.191511 -0.113470 0.000000
v -0.178738 -0.113470 0.000000
v -0.165964 -0.113470 0.000000
v -0.153190 -0.113470 0.000000
v -0.140416 -0.113470 0.000000
v -0.127643 -0.113470 0.000000
v -0.114869 -0.113470 0.000000
v -0.102095 -0.113470 0.000000
v -0.089322 -0.113470 0.000000
v -0.076548 -0.113470 0.000000
v -0.063774 -0.113470 0.000000
v -0.051000 -0.113470 0.000000
v -0.038227 -0.113470 0.000000
v -0.025453 -0.113470 0.000000
v -0.012679 -0.113470 0.000000
v 0.000095 -0.113470 0.000000
v 0.012868 -0.113470 0.000000
v 0.025642 -0.113470 0.000000
v 0.038416 -0.113470 0.000000
v 0.051189 -0.113470 0.000000
v 0.063963 -0.113470 0.000000
v 0.076737 -0.113470 0.000000
v 0.089511 -0.113470 0.000000
v 0.102284 -0.113470 0.000000
v 0.115058 -0.113470 0.000000
v 0.127832 -0.113470 0.000000
v 0.140605 -0.113470 0.000000
v 0.153379 -0.113470 0.000000
v 0.166153 -0.113470 0.000000
v 0.178927 -0.113470 0.000000
v 0.191700 -0.113470 0.000000
v 0.204474 -0.113470 0.000000
v 0.217248 -0.113470 0.000000
v 0.230022 -0.113470 0.000000
v 0.242795 -0.113470 0.000000
v 0.255569 -0.113470 0.000000
v 0.268343 -0.113470 0.000000
v 0.281116 -0.113470 0.000000
v 0.293890 -0.113470 0.000000
v 0.306664 -0.113470 0.000000
v 0.319438 -0.113470 0.000000
v 0.332211 -0.113470 0.000000
v 0.344985 -0.113470 0.000000
v 0.357759 -0.113470 0.000000
v 0.370532 -0.113470 0.000000
v 0.383306 -0.113470 0.000000
v 0.396080 -0.113470 0.000000
v -0.421438 -0.126244 0.000000
v -0.408665 -0.126244 0.000000
v -0.395891 -0.126244 0.000000
v -0.383117 -0.126244 0.000000
v -0.370343 -0.126244 0.000000
v -0.357570 -0.126244 0.000000
v -0.344796 -0.126244 0.000000
v -0.332022 -0.126244 0.000000
v -0.319249 -0.126244 0.000000
v -0.306475 -0.126244 0.000000
v -0.293701 -0.126244 0.000000
v -0.280927 -0.126244 0.000000
v -0.268154 -0.126244 0.000000
v -0.255380 -0.126244 0.000000
v -0.242606 -0.126244 0.000000
v -0.229832 -0.126244 0.000000
v -0.217059 -0.126244 0.000000
v -0.204285 -0.126244 0.000000
v -0.191511 -0.126244 0.000000
v -0.178738 -0.126244 0.000000
v -0.165964 -0.126244 0.000000
v -0.153190 -0.126244 0.000000
v -0.140416 -0.126244 0.000000
v -0.127643 -0.126244 0.000000
v -0.114869 -0.126244 0.000000
v -0.102095 -0.126244 0.000000
v -0.089322 -0.126244 0.000000
v -0.076548 -0.126244 0.000000
v -0.063774 -0.126244 0.000000
v -0.051000 -0.126244 0.000000
v -0.038227 -0.126244 0.000000
v -0.025453 -0.126244 0.000000
v -0.012679 -0.126244 0.000000
v 0.000095 -0.126244 0.000000
v 0.012868 -0.126244 0.000000
v 0.025642 -0.126244 0.000000
v 0.038416 -0.126244 0.000000
v 0.051189 -0.126244 0.000000
v 0.063963 -0.126244 0.000000
v 0.076737 -0.126244 0.000000
v 0.089511 -0.126244 0.000000
v 0.102284 -0.126244 0.000000
v 0.115058 -0.126244 0.000000
v 0.127832 -0.126244 0.000000
v 0.140605 -0.126244 0.000000
v 0.153379 -0.126244 0.000000
v 0.166153 -0.126244 0.000000
v 0.178927 -0.126244 0.000000
v 0.191700 -0.126244 0.000000
v 0.204474 -0.126244 0.000000
v 0.217248 -0.126244 0.000000
v 0.230022 -0.126244 0.000000
v 0.242795 -0.126244 0.000000
v 0.255569 -0.126244 0.000000
v 0.268343 -0.126244 0.000000
v 0.281116 -0.126244 0.000000
v 0.293890 -0.126244 0.000000
v 0.306664 -0.126244 0.000000
v 0.319438 -0.126244 0.000000
v 0.332211 -0.126244 0.000000
v 0.344985 -0.126244 0.000000
v 0.357759 -0.126244 0.000000
v 0.370532 -0.126244 0.000000
v 0.383306 -0.126244 0.000000
v 0.396080 -0.126244 0.000000
v -0.421438 -0.139018 0.000000
v -0.408665 -0.139018 0.000000
v -0.395891 -0.139018 0.000000
v -0.383117 -0.139018 0.000000
v -0.370343 -0.139018 0.000000
v -0.357570 -0.139018 0.000000
v -0.344796 -0.139018 0.000000
v -0.332022 -0.139018 0.000000
v -0.319249 -0.139018 0.000000
v -0.306475 -0.139018 0.000000
v -0.293701 -0.139018 0.000000
v -0.280927 -0.139018 0.000000
v -0.268154 -0.139018 0.000000
v -0.255380 -0.139018 0.000000
v -0.242606 -0.139018 0.000000
v -0.229832 -0.139018 0.000000
v -0.217059 -0.139018 0.000000
v -0.204285 -0.139018 0.000000
v -0.191511 -0.139018 0.000000
v -0.178738 -0.139018 0.000000
v -0.165964 -0.139018 0.000000
v -0.153190 -0.139018 0.000000
v -0.140416 -0.139018 0.000000
v -0.127643 -0.139018 0.000000
v -0.114869 -0.139018 0.000000
v -0.102095 -0.139018 0.000000
v -0.089322 -0.139018 0.000000
v -0.076548 -0.139018 0.000000
v -0.063774 -0.139018 0.000000
v -0.051000 -0.139018 0.000000
v -0.038227 -0.139018 0.000000
v -0.025453 -0.139018 0.000000
v -0.012679 -0.139018 0.000000
v 0.000095 -0.139018 0.000000
v 0.012868 -0.139018 0.000000
v 0.025642 -0.139018 0.000000
v 0.038416 -0.139018 0.000000
v 0.051189 -0.139018 0.000000
v 0.063963 -0.139018 0.000000
v 0.076737 -0.139018 0.000000
v 0.089511 -0.139018 0.000000
v 0.102284 -0.139018 0.000000
v 0.115058 -0.139018 0.000000
v 0.127832 -0.139018 0.000000
v 0.140605 -0.139018 0.000000
v 0.153379 -0.139018 0.000000
v 0.166153 -0.139018 0.000000
v 0.178927 -0.139018 0.000000
v 0.191700 -0.139018 0.000000
v 0.204474 -0.139018 0.000000
v 0.217248 -0.139018 0.000000
v 0.230022 -0.139018 0.000000
v 0.242795 -0.139018 0.000000
v 0.255569 -0.139018 0.000000
v 0.268343 -0.139018 0.000000
v 0.281116 -0.139018 0.000000
v 0.293890 -0.139018 0.000000
v 0.306664 -0.139018 0.000000
v 0.319438 -0.139018 0.000000
v 0.332211 -0.139018 0.000000
v 0.344985 -0.139018 0.000000
v 0.357759 -0.139018 0.000000
v 0.370532 -0.139018 0.000000
v 0.383306 -0.139018 0.000000
v 0.396080 -0.139018 0.000000
v -0.434212 -0.151791 0.000000
v -0.421438 -0.151791 0.000000
v -0.408665 -0.151791 0.000000
v -0.395891 -0.151791 0.000000
v -0.383117 -0.151791 0.000000
v -0.370343 -0.151791 0.000000
v -0.357570 -0.151791 0.000000
v -0.344796 -0.151791 0.000000
v -0.332022 -0.151791 0.000000
v -0.319249 -0.151791 0.000000
v -0.306475 -0.151791 0.000000
v -0.293701 -0.151791 0.000000
v -0.280927 -0.151791 0.000000
v -0.268154 -0.151791 0.000000
v -0.255380 -0.151791 0.000000
v -0.242606 -0.151791 0.000000
v -0.229832 -0.151791 0.000000
v -0.217059 -0.151791 0.000000
v -0.204285 -0.151791 0.000000
v -0.191511 -0.151791 0.000000
v -0.178738 -0.151791 0.000000
v -0.165964 -0.151791 0.000000
v -0.153190 -0.151791 0.000000
v -0.140416 -0.151791 0.000000
v -0.127643 -0.151791 0.000000
v -0.114869 -0.151791 0.000000
v -0.102095 -0.151791 0.000000
v -0.089322 -0.151791 0.000000
v -0.076548 -0.151791 0.000000
v -0.063774 -0.151791 0.000000
v -0.051000 -0.151791 0.000000
v -0.038227 -0.151791 0.000000
v -0.025453 -0.151791 0.000000
v -0.012679 -0.151791 0.000000
v 0.000095 -0.151791 0.000000
v 0.012868 -0.151791 0.000000
v 0.025642 -0.151791 0.000000
v 0.038416 -0.151791 0.000000
v 0.051189 -0.151791 0.000000
v 0.063963 -0.151791 0.000000
v 0.076737 -0.151791 0.000000
v 0.089511 -0.151791 0.000000
v 0.102284 -0.151791 0.000000
v 0.115058 -0.151791 0.000000
v 0.127832 -0.151791 0.000000
v 0.140605 -0.151791 0.000000
v 0.153379 -0.151791 0.000000
v 0.166153 -0.151791 0.000000
v 0.178927 -0.151791 0.000000
v 0.191700 -0.151791 0.000000
v 0.204474 -0.151791 0.000000
v 0.217248 -0.151791 0.000000
v 0.230022 -0.151791 0.000000
v 0.242795 -0.151791 0.000000
v 0.255569 -0.151791 0.000000
v 0.268343 -0.151791 0.000000
v 0.281116 -0.151791 0.000000
v 0.293890 -0.151791 0.000000
v 0.306664 -0.151791 0.000000
v 0.319438 -0.151791 0.000000
v 0.332211 -0.151791 0.000000
v 0.344985 -0.151791 0.000000
v 0.357759 -0.151791 0.000000
v 0.370532 -0.151791 0.000000
v 0.383306 -0.151791 0.000000
v 0.396080 -0.151791 0.000000
v -0.421438 -0.164565 0.000000
v -0.395891 -0.164565 0.000000
v -0.383117 -0.164565 0.000000
v -0.370343 -0.164565 0.000000
v -0.357570 -0.164565 0.000000
v -0.344796 -0.164565 0.000000
v -0.332022 -0.164565 0.000000
v -0.319249 -0.164565 0.000000
v -0.306475 -0.164565 0.000000
v -0.293701 -0.164565 0.000000
v -0.280927 -0.164565 0.000000
v -0.268154 -0.164565 0.000000
v -0.255380 -0.164565 0.000000
v -0.242606 -0.164565 0.000000
v -0.229832 -0.164565 0.000000
v -0.217059 -0.164565 0.000000
v -0.204285 -0.164565 0.000000
v -0.191511 -0.164565 0.000000
v -0.178738 -0.164565 0.000000
v -0.165964 -0.164565 0.000000
v -0.153190 -0.164565 0.000000
v -0.140416 -0.164565 0.000000
v -0.127643 -0.164565 0.000000
v -0.114869 -0.164565 0.000000
v -0.102095 -0.164565 0.000000
v -0.089322 -0.164565 0.000000
v -0.076548 -0.164565 0.000000
v -0.063774 -0.164565 0.000000
v -0.051000 -0.164565 0.000000
v -0.038227 -0.164565 0.000000
v -0.025453 -0.164565 0.000000
v -0.012679 -0.164565 0.000000
v 0.000095 -0.164565 0.000000
v 0.012868 -0.164565 0.000000
v 0.025642 -0.164565 0.000000
v 0.038416 -0.164565 0.000000
v 0.051189 -0.164565 0.000000
v 0.063963 -0.164565 0.000000
v 0.076737 -0.164565 0.000000
v 0.089511 -0.164565 0.000000
v 0.102284 -0.164565 0.000000
v 0.115058 -0.164565 0.000000
v 0.127832 -0.164565 0.000000
v 0.140605 -0.164565 0.000000
v 0.153379 -0.164565 0.000000
v 0.166153 -0.164565 0.000000
v 0.178927 -0.164565 0.000000
v 0.191700 -0.164565 0.000000
v 0.204474 -0.164565 0.000000
v 0.217248 -0.164565 0.000000
v 0.230022 -0.164565 0.000000
v 0.242795 -0.164565 0.000000
v 0.255569 -0.164565 0.000000
v 0.268343 -0.164565 0.000000
v 0.281116 -0.164565 0.000000
v 0.293890 -0.164565 0.000000
v 0.306664 -0.164565 0.000000
v 0.319438 -0.164565 0.000000
v 0.332211 -0.164565 0.000000
v 0.344985 -0.164565 0.000000
v 0.357759 -0.164565 0.000000
v 0.370532 -0.164565 0.000000
v 0.383306 -0.164565 0.000000
v -0.383117 -0.177339 0.000000
v -0.370343 -0.177339 0.000000
v -0.357570 -0.177339 0.000000
v -0.344796 -0.177339 0.000000
v -0.332022 -0.177339 0.000000
v -0.319249 -0.177339 0.000000
v -0.306475 -0.177339 0.000000
v -0.293701 -0.177339 0.000000
v -0.280927 -0.177339 0.000000
v -0.268154 -0.177339 0.000000
v -0.255380 -0.177339 0.000000
v -0.242606 -0.177339 0.000000
v -0.229832 -0.177339 0.000000
v -0.217059 -0.177339 0.000000
v -0.204285 -0.177339 0.000000
v -0.191511 -0.177339 0.000000
v -0.178738 -0.177339 0.000000
v -0.165964 -0.177339 0.000000
v -0.153190 -0.177339 0.000000
v -0.140416 -0.177339 0.000000
v -0.127643 -0.177339 0.000000
v -0.114869 -0.177339 0.000000
v -0.102095 -0.177339 0.000000
v -0.089322 -0.177339 0.000000
v -0.076548 -0.177339 0.000000
v -0.063774 -0.177339 0.000000
v -0.051000 -0.177339 0.000000
v -0.038227 -0.177339 0.000000
v -0.025453 -0.177339 0.000000
v -0.012679 -0.177339 0.000000
v 0.000095 -0.177339 0.000000
v 0.012868 -0.177339 0.000000
v 0.025642 -0.177339 0.000000
v 0.038416 -0.177339 0.000000
v 0.051189 -0.177339 0.000000
v 0.063963 -0.177339 0.000000
v 0.076737 -0.177339 0.000000
v 0.089511 -0.177339 0.000000
v 0.102284 -0.177339 0.000000
v 0.115058 -0.177339 0.000000
v 0.127832 -0.177339 0.000000
v 0.140605 -0.177339 0.000000
v 0.153379 -0.177339 0.000000
v 0.166153 -0.177339 0.000000
v 0.178927 -0.177339 0.000000
v 0.191700 -0.177339 0.000000
v 0.204474 -0.177339 0.000000
v 0.217248 -0.177339 0.000000
v 0.230022 -0.177339 0.000000
v 0.242795 -0.177339 0.000000
v 0.255569 -0.177339 0.000000
v 0.268343 -0.177339 0.000000
v 0.281116 -0.177339 0.000000
v 0.293890 -0.177339 0.000000
v 0.306664 -0.177339 0.000000
v 0.319438 -0.177339 0.000000
v 0.332211 -0.177339 0.000000
v 0.344985 -0.177339 0.000000
v 0.357759 -0.177339 0.000000
v 0.370532 -0.177339 0.000000
v 0.383306 -0.177339 0.000000
v -0.357570 -0.190112 0.000000
v -0.344796 -0.190112 0.000000
v -0.332022 -0.190112 0.000000
v -0.319249 -0.190112 0.000000
v -0.306475 -0.190112 0.000000
v -0.293701 -0.190112 0.000000
v -0.280927 -0.190112 0.000000
v -0.268154 -0.190112 0.000000
v -0.255380 -0.190112 0.000000
v -0.242606 -0.190112 0.000000
v -0.229832 -0.190112 0.000000
v -0.217059 -0.190112 0.000000
v -0.204285 -0.190112 0.000000
v -0.191511 -0.190112 0.000000
v -0.178738 -0.190112 0.000000
v -0.165964 -0.190112 0.000000
v -0.153190 -0.190112 0.000000
v -0.140416 -0.190112 0.000000
v -0.127643 -0.190112 0.000000
v -0.114869 -0.190112 0.000000
v -0.102095 -0.190112 0.000000
v -0.089322 -0.190112 0.000000
v -0.076548 -0.190112 0.000000
v -0.063774 -0.190112 0.000000
v -0.051000 -0.190112 0.000000
v -0.038227 -0.190112 0.000000
v -0.025453 -0.190112 0.000000
v -0.012679 -0.190112 0.000000
v 0.000095 -0.190112 0.000000
v 0.012868 -0.190112 0.000000
v 0.025642 -0.190112 0.000000
v 0.038416 -0.190112 0.000000
v 0.051189 -0.190112 0.000000
v 0.063963 -0.190112 0.000000
v 0.076737 -0.190112 0.000000
v 0.089511 -0.190112 0.000000
v 0.102284 -0.190112 0.000000
v 0.115058 -0.190112 0.000000
v 0.127832 -0.190112 0.000000
v 0.140605 -0.190112 0.000000
v 0.153379 -0.190112 0.000000
v 0.166153 -0.190112 0.000000
v 0.178927 -0.190112 0.000000
v 0.191700 -0.190112 0.000000
v 0.204474 -0.190112 0.000000
v 0.217248 -0.190112 0.000000
v 0.230022 -0.190112 0.000000
v 0.242795 -0.190112 0.000000
v 0.255569 -0.190112 0.000000
v 0.268343 -0.190112 0.000000
v 0.281116 -0.190112 0.000000
v 0.293890 -0.190112 0.000000
v 0.306664 -0.190112 0.000000
v 0.319438 -0.190112 0.000000
v 0.332211 -0.190112 0.000000
v 0.344985 -0.190112 0.000000
v 0.357759 -0.190112 0.000000
v 0.370532 -0.190112 0.000000
v 0.383306 -0.190112 0.000000
v -0.357570 -0.202886 0.000000
v -0.344796 -0.202886 0.000000
v -0.332022 -0.202886 0.000000
v -0.319249 -0.202886 0.000000
v -0.306475 -0.202886 0.000000
v -0.293701 -0.202886 0.000000
v -0.280927 -0.202886 0.000000
v -0.268154 -0.202886 0.000000
v -0.255380 -0.202886 0.000000
v -0.242606 -0.202886 0.000000
v -0.229832 -0.202886 0.000000
v -0.217059 -0.202886 0.000000
v -0.204285 -0.202886 0.000000
v -0.191511 -0.202886 0.000000
v -0.178738 -0.202886 0.000000
v -0.165964 -0.202886 0.000000
v -0.153190 -0.202886 0.000000
v -0.140416 -0.202886 0.000000
v -0.127643 -0.202886 0.000000
v -0.114869 -0.202886 0.000000
v -0.102095 -0.202886 0.000000
v -0.089322 -0.202886 0.000000
v -0.076548 -0.202886 0.000000
v -0.063774 -0.202886 0.000000
v -0.051000 -0.202886 0.000000
v -0.038227 -0.202886 0.000000
v -0.025453 -0.202886 0.000000
v -0.012679 -0.202886 0.000000
v 0.000095 -0.202886 0.000000
v 0.012868 -0.202886 0.000000
v 0.025642 -0.202886 0.000000
v 0.038416 -0.202886 0.000000
v 0.051189 -0.202886 0.000000
v 0.063963 -0.202886 0.000000
v 0.076737 -0.202886 0.000000
v 0.089511 -0.202886 0.000000
v 0.102284 -0.202886 0.000000
v 0.115058 -0.202886 0.000000
v 0.127832 -0.202886 0.000000
v 0.140605 -0.202886 0.000000
v 0.153379 -0.202886 0.000000
v 0.166153 -0.202886 0.000000
v 0.178927 -0.202886 0.000000
v 0.191700 -0.202886 0.000000
v 0.204474 -0.202886 0.000000
v 0.217248 -0.202886 0.000000
v 0.230022 -0.202886 0.000000
v 0.242795 -0.202886 0.000000
v 0.255569 -0.202886 0.000000
v 0.268343 -0.202886 0.000000
v 0.281116 -0.202886 0.000000
v 0.293890 -0.202886 0.000000
v 0.306664 -0.202886 0.000000
v 0.319438 -0.202886 0.000000
v 0.332211 -0.202886 0.000000
v 0.344985 -0.202886 0.000000
v 0.357759 -0.202886 0.000000
v 0.370532 -0.202886 0.000000
v -0.332022 -0.215660 0.000000
v -0.319249 -0.215660 0.000000
v -0.306475 -0.215660 0.000000
v -0.293701 -0.215660 0.000000
v -0.280927 -0.215660 0.000000
v -0.268154 -0.215660 0.000000
v -0.255380 -0.215660 0.000000
v -0.242606 -0.215660 0.000000
v -0.229832 -0.215660 0.000000
v -0.217059 -0.215660 0.000000
v -0.204285 -0.215660 0.000000
v -0.191511 -0.215660 0.000000
v -0.178738 -0.215660 0.000000
v -0.165964 -0.215660 0.000000
v -0.153190 -0.215660 0.000000
v -0.140416 -0.215660 0.000000
v -0.127643 -0.215660 0.000000
v -0.114869 -0.215660 0.000000
v -0.102095 -0.215660 0.000000
v -0.089322 -0.215660 0.000000
v -0.076548 -0.215660 0.000000
v -0.063774 -0.215660 0.000000
v -0.051000 -0.215660 0.000000
v -0.038227 -0.215660 0.000000
v -0.025453 -0.215660 0.000000
v -0.012679 -0.215660 0.000000
v 0.000095 -0.215660 0.000000
v 0.012868 -0.215660 0.000000
v 0.025642 -0.215660 0.000000
v 0.038416 -0.215660 0.000000
v 0.051189 -0.215660 0.000000
v 0.063963 -0.215660 0.000000
v 0.076737 -0.215660 0.000000
v 0.089511 -0.215660 0.000000
v 0.102284 -0.215660 0.000000
v 0.115058 -0.215660 0.000000
v 0.127832 -0.215660 0.000000
v 0.140605 -0.215660 0.000000
v 0.153379 -0.215660 0.000000
v 0.166153 -0.215660 0.000000
v 0.178927 -0.215660 0.000000
v 0.191700 -0.215660 0.000000
v 0.204474 -0.215660 0.000000
v 0.217248 -0.215660 0.000000
v 0.230022 -0.215660 0.000000
v 0.242795 -0.215660 0.000000
v 0.255569 -0.215660 0.000000
v 0.268343 -0.215660 0.000000
v 0.281116 -0.215660 0.000000
v 0.293890 -0.215660 0.000000
v 0.306664 -0.215660 0.000000
v 0.319438 -0.215660 0.000000
v 0.332211 -0.215660 0.000000
v 0.344985 -0.215660 0.000000
v 0.357759 -0.215660 0.000000
v 0.370532 -0.215660 0.000000
v -0.332022 -0.228434 0.000000
v -0.319249 -0.228434 0.000000
v -0.306475 -0.228434 0.000000
v -0.293701 -0.228434 0.000000
v -0.280927 -0.228434 0.000000
v -0.268154 -0.228434 0.000000
v -0.255380 -0.228434 0.000000
v -0.242606 -0.228434 0.000000
v -0.229832 -0.228434 0.000000
v -0.217059 -0.228434 0.000000
v -0.204285 -0.228434 0.000000
v -0.191511 -0.228434 0.000000
v -0.178738 -0.228434 0.000000
v -0.165964 -0.228434 0.000000
v -0.153190 -0.228434 0.000000
v -0.140416 -0.228434 0.000000
v -0.127643 -0.228434 0.000000
v -0.114869 -0.228434 0.000000
v -0.102095 -0.228434 0.000000
v -0.089322 -0.228434 0.000000
v -0.076548 -0.228434 0.000000
v -0.063774 -0.228434 0.000000
v -0.051000 -0.228434 0.000000
v -0.038227 -0.228434 0.000000
v -0.025453 -0.228434 0.000000
v -0.012679 -0.228434 0.000000
v 0.000095 -0.228434 0.000000
v 0.012868 -0.228434 0.000000
v 0.025642 -0.228434 0.000000
v 0.038416 -0.228434 0.000000
v 0.051189 -0.228434 0.000000
v 0.063963 -0.228434 0.000000
v 0.076737 -0.228434 0.000000
v 0.089511 -0.228434 0.000000
v 0.102284 -0.228434 0.000000
v 0.115058 -0.228434 0.000000
v 0.127832 -0.228434 0.000000
v 0.140605 -0.228434 0.000000
v 0.153379 -0.228434 0.000000
v 0.166153 -0.228434 0.000000
v 0.178927 -0.228434 0.000000
v 0.191700 -0.228434 0.000000
v 0.204474 -0.228434 0.000000
v 0.217248 -0.228434 0.000000
v 0.230022 -0.228434 0.000000
v 0.242795 -0.228434 0.000000
v 0.255569 -0.228434 0.000000
v 0.268343 -0.228434 0.000000
v 0.281116 -0.228434 0.000000
v 0.293890 -0.228434 0.000000
v 0.306664 -0.228434 0.000000
v 0.319438 -0.228434 0.000000
v 0.332211 -0.228434 0.000000
v 0.344985 -0.228434 0.000000
v 0.357759 -0.228434 0.000000
v 0.370532 -0.228434 0.000000
v -0.319249 -0.241207 0.000000
v -0.306475 -0.241207 0.000000
v -0.293701 -0.241207 0.000000
v -0.280927 -0.241207 0.000000
v -0.268154 -0.241207 0.000000
v -0.255380 -0.241207 0.000000
v -0.242606 -0.241207 0.000000
v -0.229832 -0.241207 0.000000
v -0.217059 -0.241207 0.000000
v -0.204285 -0.241207 0.000000
v -0.191511 -0.241207 0.000000
v -0.178738 -0.241207 0.000000
v -0.165964 -0.241207 0.000000
v -0.153190 -0.241207 0.000000
v -0.140416 -0.241207 0.000000
v -0.127643 -0.241207 0.000000
v -0.114869 -0.241207 0.000000
v -0.102095 -0.241207 0.000000
v -0.089322 -0.241207 0.000000
v -0.076548 -0.241207 0.000000
v -0.063774 -0.241207 0.000000
v -0.051000 -0.241207 0.000000
v -0.038227 -0.241207 0.000000
v -0.025453 -0.241207 0.000000
v -0.012679 -0.241207 0.000000
v 0.000095 -0.241207 0.000000
v 0.012868 -0.241207 0.000000
v 0.025642 -0.241207 0.000000
v 0.038416 -0.241207 0.000000
v 0.051189 -0.241207 0.000000
v 0.063963 -0.241207 0.000000
v 0.076737 -0.241207 0.000000
v 0.089511 -0.241207 0.000000
v 0.102284 -0.241207 0.000000
v 0.115058 -0.241207 0.000000
v 0.127832 -0.241207 0.000000
v 0.140605 -0.241207 0.000000
v 0.153379 -0.241207 0.000000
v 0.166153 -0.241207 0.000000
v 0.178927 -0.241207 0.000000
v 0.191700 -0.241207 0.000000
v 0.204474 -0.241207 0.000000
v 0.217248 -0.241207 0.000000
v 0.230022 -0.241207 0.000000
v 0.242795 -0.241207 0.000000
v 0.255569 -0.241207 0.000000
v 0.268343 -0.241207 0.000000
v 0.281116 -0.241207 0.000000
v 0.293890 -0.241207 0.000000
v 0.306664 -0.241207 0.000000
v 0.319438 -0.241207 0.000000
v 0.332211 -0.241207 0.000000
v 0.344985 -0.241207 0.000000
v 0.357759 -0.241207 0.000000
v 0.370532 -0.241207 0.000000
v -0.293701 -0.253981 0.000000
v -0.280927 -0.253981 0.000000
v -0.268154 -0.253981 0.000000
v -0.255380 -0.253981 0.000000
v -0.242606 -0.253981 0.000000
v -0.229832 -0.253981 0.000000
v -0.217059 -0.253981 0.000000
v -0.204285 -0.253981 0.000000
v -0.191511 -0.253981 0.000000
v -0.178738 -0.253981 0.000000
v -0.165964 -0.253981 0.000000
v -0.153190 -0.253981 0.000000
v -0.140416 -0.253981 0.000000
v -0.127643 -0.253981 0.000000
v -0.114869 -0.253981 0.000000
v -0.102095 -0.253981 0.000000
v -0.089322 -0.253981 0.000000
v -0.076548 -0.253981 0.000000
v -0.063774 -0.253981 0.000000
v -0.051000 -0.253981 0.000000
v -0.038227 -0.253981 0.000000
v -0.025453 -0.253981 0.000000
v -0.012679 -0.253981 0.000000
v 0.000095 -0.253981 0.000000
v 0.012868 -0.253981 0.000000
v 0.025642 -0.253981 0.000000
v 0.038416 -0.253981 0.000000
v 0.051189 -0.253981 0.000000
v 0.063963 -0.253981 0.000000
v 0.076737 -0.253981 0.000000
v 0.089511 -0.253981 0.000000
v 0.102284 -0.253981 0.000000
v 0.115058 -0.253981 0.000000
v 0.127832 -0.253981 0.000000
v 0.140605 -0.253981 0.000000
v 0.153379 -0.253981 0.000000
v 0.166153 -0.253981 0.000000
v 0.178927 -0.253981 0.000000
v 0.191700 -0.253981 0.000000
v 0.204474 -0.253981 0.000000
v 0.217248 -0.253981 0.000000
v 0.230022 -0.253981 0.000000
v 0.242795 -0.253981 0.000000
v 0.255569 -0.253981 0.000000
v 0.268343 -0.253981 0.000000
v 0.281116 -0.253981 0.000000
v 0.293890 -0.253981 0.000000
v 0.306664 -0.253981 0.000000
v 0.319438 -0.253981 0.000000
v 0.332211 -0.253981 0.000000
v 0.344985 -0.253981 0.000000
v 0.357759 -0.253981 0.000000
v -0.293701 -0.266755 0.000000
v -0.280927 -0.266755 0.000000
v -0.268154 -0.266755 0.000000
v -0.255380 -0.266755 0.000000
v -0.242606 -0.266755 0.000000
v -0.229832 -0.266755 0.000000
v -0.217059 -0.266755 0.000000
v -0.204285 -0.266755 0.000000
v -0.191511 -0.266755 0.000000
v -0.178738 -0.266755 0.000000
v -0.165964 -0.266755 0.000000
v -0.153190 -0.266755 0.000000
v -0.140416 -0.266755 0.000000
v -0.127643 -0.266755 0.000000
v -0.114869 -0.266755 0.000000
v -0.102095 -0.266755 0.000000
v -0.089322 -0.266755 0.000000
v -0.076548 -0.266755 0.000000
v -0.063774 -0.266755 0.000000
v -0.051000 -0.266755 0.000000
v -0.038227 -0.266755 0.000000
v -0.025453 -0.266755 0.000000
v -0.012679 -0.266755 0.000000
v 0.000095 -0.266755 0.000000
v 0.012868 -0.266755 0.000000
v 0.025642 -0.266755 0.000000
v 0.038416 -0.266755 0.000000
v 0.051189 -0.266755 0.000000
v 0.063963 -0.266755 0.000000
v 0.076737 -0.266755 0.000000
v 0.089511 -0.266755 0.000000
v 0.102284 -0.266755 0.000000
v 0.115058 -0.266755 0.000000
v 0.127832 -0.266755 0.000000
v 0.140605 -0.266755 0.000000
v 0.153379 -0.266755 0.000000
v 0.166153 -0.266755 0.000000
v 0.178927 -0.266755 0.000000
v 0.191700 -0.266755 0.000000
v 0.204474 -0.266755 0.000000
v 0.217248 -0.266755 0.000000
v 0.230022 -0.266755 0.000000
v 0.242795 -0.266755 0.000000
v 0.255569 -0.266755 0.000000
v 0.268343 -0.266755 0.000000
v 0.281116 -0.266755 0.000000
v 0.293890 -0.266755 0.000000
v 0.306664 -0.266755 0.000000
v 0.319438 -0.266755 0.000000
v 0.332211 -0.266755 0.000000
v 0.344985 -0.266755 0.000000
v 0.357759 -0.266755 0.000000
v -0.280927 -0.279529 0.000000
v -0.268154 -0.279529 0.000000
v -0.255380 -0.279529 0.000000
v -0.242606 -0.279529 0.000000
v -0.229832 -0.279529 0.000000
v -0.217059 -0.279529 0.000000
v -0.204285 -0.279529 0.000000
v -0.191511 -0.279529 0.000000
v -0.178738 -0.279529 0.000000
v -0.165964 -0.279529 0.000000
v -0.153190 -0.279529 0.000000
v -0.140416 -0.279529 0.000000
v -0.127643 -0.279529 0.000000
v -0.114869 -0.279529 0.000000
v -0.102095 -0.279529 0.000000
v -0.089322 -0.279529 0.000000
v -0.076548 -0.279529 0.000000
v -0.063774 -0.279529 0.000000
v -0.051000 -0.279529 0.000000
v -0.038227 -0.279529 0.000000
v -0.025453 -0.279529 0.000000
v -0.012679 -0.279529 0.000000
v 0.000095 -0.279529 0.000000
v 0.012868 -0.279529 0.000000
v 0.025642 -0.279529 0.000000
v 0.038416 -0.279529 0.000000
v 0.051189 -0.279529 0.000000
v 0.063963 -0.279529 0.000000
v 0.076737 -0.279529 0.000000
v 0.089511 -0.279529 0.000000
v 0.102284 -0.279529 0.000000
v 0.115058 -0.279529 0.000000
v 0.127832 -0.279529 0.000000
v 0.140605 -0.279529 0.000000
v 0.153379 -0.279529 0.000000
v 0.166153 -0.279529 0.000000
v 0.178927 -0.279529 0.000000
v 0.191700 -0.279529 0.000000
v 0.204474 -0.279529 0.000000
v 0.217248 -0.279529 0.000000
v 0.230022 -0.279529 0.000000
v 0.242795 -0.279529 0.000000
v 0.255569 -0.279529 0.000000
v 0.268343 -0.279529 0.000000
v 0.281116 -0.279529 0.000000
v 0.293890 -0.279529 0.000000
v 0.306664 -0.279529 0.000000
v 0.319438 -0.279529 0.000000
v 0.332211 -0.279529 0.000000
v 0.344985 -0.279529 0.000000
v 0.357759 -0.279529 0.000000
v -0.268154 -0.292302 0.000000
v -0.255380 -0.292302 0.000000
v -0.242606 -0.292302 0.000000
v -0.229832 -0.292302 0.000000
v -0.217059 -0.292302 0.000000
v -0.204285 -0.292302 0.000000
v -0.191511 -0.292302 0.000000
v -0.178738 -0.292302 0.000000
v -0.165964 -0.292302 0.000000
v -0.153190 -0.292302 0.000000
v -0.140416 -0.292302 0.000000
v -0.127643 -0.292302 0.000000
v -0.114869 -0.292302 0.000000
v -0.102095 -0.292302 0.000000
v -0.089322 -0.292302 0.000000
v -0.076548 -0.292302 0.000000
v -0.063774 -0.292302 0.000000
v -0.051000 -0.292302 0.000000
v -0.038227 -0.292302 0.000000
v -0.025453 -0.292302 0.000000
v -0.012679 -0.292302 0.000000
v 0.000095 -0.292302 0.000000
v 0.012868 -0.292302 0.000000
v 0.025642 -0.292302 0.000000
v 0.038416 -0.292302 0.000000
v 0.051189 -0.292302 0.000000
v 0.063963 -0.292302 0.000000
v 0.076737 -0.292302 0.000000
v 0.089511 -0.292302 0.000000
v 0.102284 -0.292302 0.000000
v 0.115058 -0.292302 0.000000
v 0.127832 -0.292302 0.000000
v 0.140605 -0.292302 0.000000
v 0.153379 -0.292302 0.000000
v 0.166153 -0.292302 0.000000
v 0.178927 -0.292302 0.000000
v 0.191700 -0.292302 0.000000
v 0.204474 -0.292302 0.000000
v 0.217248 -0.292302 0.000000
v 0.230022 -0.292302 0.000000
v 0.242795 -0.292302 0.000000
v 0.255569 -0.292302 0.000000
v 0.268343 -0.292302 0.000000
v 0.281116 -0.292302 0.000000
v 0.293890 -0.292302 0.000000
v 0.306664 -0.292302 0.000000
v 0.319438 -0.292302 0.000000
v 0.332211 -0.292302 0.000000
v 0.344985 -0.292302 0.000000
v -0.242606 -0.305076 0.000000
v -0.229832 -0.305076 0.000000
v -0.217059 -0.305076 0.000000
v -0.204285 -0.305076 0.000000
v -0.191511 -0.305076 0.000000
v -0.178738 -0.305076 0.000000
v -0.165964 -0.305076 0.000000
v -0.153190 -0.305076 0.000000
v -0.140416 -0.305076 0.000000
v -0.127643 -0.305076 0.000000
v -0.114869 -0.305076 0.000000
v -0.102095 -0.305076 0.000000
v -0.089322 -0.305076 0.000000
v -0.076548 -0.305076 0.000000
v -0.063774 -0.305076 0.000000
v -0.051000 -0.305076 0.000000
v -0.038227 -0.305076 0.000000
v -0.025453 -0.305076 0.000000
v -0.012679 -0.305076 0.000000
v 0.000095 -0.305076 0.000000
v 0.012868 -0.305076 0.000000
v 0.025642 -0.305076 0.000000
v 0.038416 -0.305076 0.000000
v 0.051189 -0.305076 0.000000
v 0.063963 -0.305076 0.000000
v 0.076737 -0.305076 0.000000
v 0.089511 -0.305076 0.000000
v 0.102284 -0.305076 0.000000
v 0.115058 -0.305076 0.000000
v 0.127832 -0.305076 0.000000
v 0.140605 -0.305076 0.000000
v 0.153379 -0.305076 0.000000
v 0.166153 -0.305076 0.000000
v 0.178927 -0.305076 0.000000
v 0.191700 -0.305076 0.000000
v 0.204474 -0.305076 0.000000
v 0.217248 -0.305076 0.000000
v 0.230022 -0.305076 0.000000
v 0.242795 -0.305076 0.000000
v 0.255569 -0.305076 0.000000
v 0.268343 -0.305076 0.000000
v 0.281116 -0.305076 0.000000
v 0.293890 -0.305076 0.000000
v 0.306664 -0.305076 0.000000
v 0.319438 -0.305076 0.000000
v 0.332211 -0.305076 0.000000
v 0.344985 -0.305076 0.000000
v -0.217059 -0.317850 0.000000
v -0.204285 -0.317850 0.000000
v -0.191511 -0.317850 0.000000
v -0.178738 -0.317850 0.000000
v -0.165964 -0.317850 0.000000
v -0.153190 -0.317850 0.000000
v -0.140416 -0.317850 0.000000
v -0.127643 -0.317850 0.000000
v -0.114869 -0.317850 0.000000
v -0.102095 -0.317850 0.000000
v -0.089322 -0.317850 0.000000
v -0.076548 -0.317850 0.000000
v -0.063774 -0.317850 0.000000
v -0.051000 -0.317850 0.000000
v -0.038227 -0.317850 0.000000
v -0.025453 -0.317850 0.000000
v -0.012679 -0.317850 0.000000
v 0.000095 -0.317850 0.000000
v 0.012868 -0.317850 0.000000
v 0.025642 -0.317850 0.000000
v 0.038416 -0.317850 0.000000
v 0.051189 -0.317850 0.000000
v 0.063963 -0.317850 0.000000
v 0.076737 -0.317850 0.000000
v 0.089511 -0.317850 0.000000
v 0.102284 -0.317850 0.000000
v 0.115058 -0.317850 0.000000
v 0.127832 -0.317850 0.000000
v 0.140605 -0.317850 0.000000
v 0.153379 -0.317850 0.000000
v 0.166153 -0.317850 0.000000
v 0.178927 -0.317850 0.000000
v 0.191700 -0.317850 0.000000
v 0.204474 -0.317850 0.000000
v 0.217248 -0.317850 0.000000
v 0.230022 -0.317850 0.000000
v 0.242795 -0.317850 0.000000
v 0.255569 -0.317850 0.000000
v 0.268343 -0.317850 0.000000
v 0.281116 -0.317850 0.000000
v 0.293890 -0.317850 0.000000
v 0.306664 -0.317850 0.000000
v 0.319438 -0.317850 0.000000
v 0.332211 -0.317850 0.000000
v 0.344985 -0.317850 0.000000
v -0.204285 -0.330623 0.000000
v -0.191511 -0.330623 0.000000
v -0.178738 -0.330623 0.000000
v -0.165964 -0.330623 0.000000
v -0.153190 -0.330623 0.000000
v -0.140416 -0.330623 0.000000
v -0.127643 -0.330623 0.000000
v -0.114869 -0.330623 0.000000
v -0.102095 -0.330623 0.000000
v -0.089322 -0.330623 0.000000
v -0.076548 -0.330623 0.000000
v -0.063774 -0.330623 0.000000
v -0.051000 -0.330623 0.000000
v -0.038227 -0.330623 0.000000
v -0.025453 -0.330623 0.000000
v -0.012679 -0.330623 0.000000
v 0.000095 -0.330623 0.000000
v 0.012868 -0.330623 0.000000
v 0.025642 -0.330623 0.000000
v 0.038416 -0.330623 0.000000
v 0.051189 -0.330623 0.000000
v 0.063963 -0.330623 0.000000
v 0.076737 -0.330623 0.000000
v 0.089511 -0.330623 0.000000
v 0.102284 -0.330623 0.000000
v 0.115058 -0.330623 0.000000
v 0.127832 -0.330623 0.000000
v 0.140605 -0.330623 0.000000
v 0.153379 -0.330623 0.000000
v 0.166153 -0.330623 0.000000
v 0.178927 -0.330623 0.000000
v 0.191700 -0.330623 0.000000
v 0.204474 -0.330623 0.000000
v 0.217248 -0.330623 0.000000
v 0.230022 -0.330623 0.000000
v 0.242795 -0.330623 0.000000
v 0.255569 -0.330623 0.000000
v 0.268343 -0.330623 0.000000
v 0.281116 -0.330623 0.000000
v 0.293890 -0.330623 0.000000
v 0.306664 -0.330623 0.000000
v 0.319438 -0.330623 0.000000
v 0.332211 -0.330623 0.000000
v -0.191511 -0.343397 0.000000
v -0.178738 -0.343397 0.000000
v -0.165964 -0.343397 0.000000
v -0.127643 -0.343397 0.000000
v -0.114869 -0.343397 0.000000
v -0.102095 -0.343397 0.000000
v -0.089322 -0.343397 0.000000
v -0.076548 -0.343397 0.000000
v -0.063774 -0.343397 0.000000
v -0.051000 -0.343397 0.000000
v -0.038227 -0.343397 0.000000
v -0.025453 -0.343397 0.000000
v -0.012679 -0.343397 0.000000
v 0.000095 -0.343397 0.000000
v 0.012868 -0.343397 0.000000
v 0.025642 -0.343397 0.000000
v 0.038416 -0.343397 0.000000
v 0.051189 -0.343397 0.000000
v 0.063963 -0.343397 0.000000
v 0.076737 -0.343397 0.000000
v 0.089511 -0.343397 0.000000
v 0.102284 -0.343397 0.000000
v 0.115058 -0.343397 0.000000
v 0.127832 -0.343397 0.000000
v 0.140605 -0.343397 0.000000
v 0.153379 -0.343397 0.000000
v 0.166153 -0.343397 0.000000
v 0.178927 -0.343397 0.000000
v 0.191700 -0.343397 0.000000
v 0.204474 -0.343397 0.000000
v 0.217248 -0.343397 0.000000
v 0.230022 -0.343397 0.000000
v 0.242795 -0.343397 0.000000
v 0.255569 -0.343397 0.000000
v 0.268343 -0.343397 0.000000
v 0.281116 -0.343397 0.000000
v 0.293890 -0.343397 0.000000
v 0.306664 -0.343397 0.000000
v 0.319438 -0.343397 0.000000
v 0.332211 -0.343397 0.000000
v -0.127643 -0.356171 0.000000
v -0.114869 -0.356171 0.000000
v -0.102095 -0.356171 0.000000
v -0.089322 -0.356171 0.000000
v -0.076548 -0.356171 0.000000
v -0.063774 -0.356171 0.000000
v -0.051000 -0.356171 0.000000
v -0.038227 -0.356171 0.000000
v -0.025453 -0.356171 0.000000
v -0.012679 -0.356171 0.000000
v 0.000095 -0.356171 0.000000
v 0.012868 -0.356171 0.000000
v 0.025642 -0.356171 0.000000
v 0.038416 -0.356171 0.000000
v 0.051189 -0.356171 0.000000
v 0.063963 -0.356171 0.000000
v 0.076737 -0.356171 0.000000
v 0.089511 -0.356171 0.000000
v 0.102284 -0.356171 0.000000
v 0.115058 -0.356171 0.000000
v 0.127832 -0.356171 0.000000
v 0.140605 -0.356171 0.000000
v 0.153379 -0.356171 0.000000
v 0.166153 -0.356171 0.000000
v 0.178927 -0.356171 0.000000
v 0.191700 -0.356171 0.000000
v 0.204474 -0.356171 0.000000
v 0.217248 -0.356171 0.000000
v 0.230022 -0.356171 0.000000
v 0.242795 -0.356171 0.000000
v 0.255569 -0.356171 0.000000
v 0.268343 -0.356171 0.000000
v 0.281116 -0.356171 0.000000
v 0.293890 -0.356171 0.000000
v 0.306664 -0.356171 0.000000
v 0.319438 -0.356171 0.000000
v -0.114869 -0.368945 0.000000
v -0.102095 -0.368945 0.000000
v -0.089322 -0.368945 0.000000
v -0.076548 -0.368945 0.000000
v -0.063774 -0.368945 0.000000
v -0.051000 -0.368945 0.000000
v -0.038227 -0.368945 0.000000
v -0.025453 -0.368945 0.000000
v -0.012679 -0.368945 0.000000
v 0.000095 -0.368945 0.000000
v 0.012868 -0.368945 0.000000
v 0.025642 -0.368945 0.000000
v 0.038416 -0.368945 0.000000
v 0.051189 -0.368945 0.000000
v 0.063963 -0.368945 0.000000
v 0.076737 -0.368945 0.000000
v 0.089511 -0.368945 0.000000
v 0.102284 -0.368945 0.000000
v 0.115058 -0.368945 0.000000
v 0.127832 -0.368945 0.000000
v 0.140605 -0.368945 0.000000
v 0.153379 -0.368945 0.000000
v 0.166153 -0.368945 0.000000
v 0.178927 -0.368945 0.000000
v 0.191700 -0.368945 0.000000
v 0.204474 -0.368945 0.000000
v 0.217248 -0.368945 0.000000
v 0.230022 -0.368945 0.000000
v 0.242795 -0.368945 0.000000
v 0.255569 -0.368945 0.000000
v 0.268343 -0.368945 0.000000
v 0.281116 -0.368945 0.000000
v 0.293890 -0.368945 0.000000
v 0.306664 -0.368945 0.000000
v 0.319438 -0.368945 0.000000
v -0.114869 -0.381718 0.000000
v -0.102095 -0.381718 0.000000
v -0.089322 -0.381718 0.000000
v -0.076548 -0.381718 0.000000
v -0.063774 -0.381718 0.000000
v -0.051000 -0.381718 0.000000
v -0.038227 -0.381718 0.000000
v -0.025453 -0.381718 0.000000
v -0.012679 -0.381718 0.000000
v 0.000095 -0.381718 0.000000
v 0.012868 -0.381718 0.000000
v 0.025642 -0.381718 0.000000
v 0.038416 -0.381718 0.000000
v 0.051189 -0.381718 0.000000
v 0.063963 -0.381718 0.000000
v 0.076737 -0.381718 0.000000
v 0.089511 -0.381718 0.000000
v 0.102284 -0.381718 0.000000
v 0.115058 -0.381718 0.000000
v 0.127832 -0.381718 0.000000
v 0.140605 -0.381718 0.000000
v 0.153379 -0.381718 0.000000
v 0.166153 -0.381718 0.000000
v 0.178927 -0.381718 0.000000
v 0.191700 -0.381718 0.000000
v 0.204474 -0.381718 0.000000
v 0.217248 -0.381718 0.000000
v 0.230022 -0.381718 0.000000
v 0.242795 -0.381718 0.000000
v 0.255569 -0.381718 0.000000
v 0.268343 -0.381718 0.000000
v 0.281116 -0.381718 0.000000
v 0.293890 -0.381718 0.000000
v 0.306664 -0.381718 0.000000
v -0.063774 -0.394492 0.000000
v -0.051000 -0.394492 0.000000
v -0.038227 -0.394492 0.000000
v -0.025453 -0.394492 0.000000
v -0.012679 -0.394492 0.000000
v 0.000095 -0.394492 0.000000
v 0.012868 -0.394492 0.000000
v 0.025642 -0.394492 0.000000
v 0.038416 -0.394492 0.000000
v 0.051189 -0.394492 0.000000
v 0.063963 -0.394492 0.000000
v 0.076737 -0.394492 0.000000
v 0.089511 -0.394492 0.000000
v 0.102284 -0.394492 0.000000
v 0.115058 -0.394492 0.000000
v 0.127832 -0.394492 0.000000
v 0.140605 -0.394492 0.000000
v 0.153379 -0.394492 0.000000
v 0.166153 -0.394492 0.000000
v 0.178927 -0.394492 0.000000
v 0.191700 -0.394492 0.000000
v 0.204474 -0.394492 0.000000
v 0.217248 -0.394492 0.000000
v 0.230022 -0.394492 0.000000
v 0.242795 -0.394492 0.000000
v 0.255569 -0.394492 0.000000
v 0.268343 -0.394492 0.000000
v 0.281116 -0.394492 0.000000
v 0.293890 -0.394492 0.000000
v 0.306664 -0.394492 0.000000
v -0.063774 -0.407266 0.000000
v -0.051000 -0.407266 0.000000
v -0.038227 -0.407266 0.000000
v -0.025453 -0.407266 0.000000
v -0.012679 -0.407266 0.000000
v 0.000095 -0.407266 0.000000
v 0.012868 -0.407266 0.000000
v 0.025642 -0.407266 0.000000
v 0.038416 -0.407266 0.000000
v 0.051189 -0.407266 0.000000
v 0.063963 -0.407266 0.000000
v 0.076737 -0.407266 0.000000
v 0.089511 -0.407266 0.000000
v 0.102284 -0.407266 0.000000
v 0.115058 -0.407266 0.000000
v 0.127832 -0.407266 0.000000
v 0.140605 -0.407266 0.000000
v 0.153379 -0.407266 0.000000
v 0.166153 -0.407266 0.000000
v 0.178927 -0.407266 0.000000
v 0.191700 -0.407266 0.000000
v 0.204474 -0.407266 0.000000
v 0.217248 -0.407266 0.000000
v 0.230022 -0.407266 0.000000
v 0.242795 -0.407266 0.000000
v 0.255569 -0.407266 0.000000
v 0.268343 -0.407266 0.000000
v 0.281116 -0.407266 0.000000
v 0.293890 -0.407266 0.000000
v -0.012679 -0.420039 0.000000
v 0.000095 -0.420039 0.000000
v 0.012868 -0.420039 0.000000
v 0.025642 -0.420039 0.000000
v 0.038416 -0.420039 0.000000
v 0.051189 -0.420039 0.000000
v 0.063963 -0.420039 0.000000
v 0.076737 -0.420039 0.000000
v 0.089511 -0.420039 0.000000
v 0.102284 -0.420039 0.000000
v 0.115058 -0.420039 0.000000
v 0.127832 -0.420039 0.000000
v 0.140605 -0.420039 0.000000
v 0.153379 -0.420039 0.000000
v 0.166153 -0.420039 0.000000
v 0.178927 -0.420039 0.000000
v 0.191700 -0.420039 0.000000
v 0.204474 -0.420039 0.000000
v 0.217248 -0.420039 0.000000
v 0.230022 -0.420039 0.000000
v 0.242795 -0.420039 0.000000
v 0.255569 -0.420039 0.000000
v 0.268343 -0.420039 0.000000
v 0.281116 -0.420039 0.000000
v 0.293890 -0.420039 0.000000
v 0.000095 -0.432813 0.000000
v 0.012868 -0.432813 0.000000
v 0.025642 -0.432813 0.000000
v 0.038416 -0.432813 0.000000
v 0.051189 -0.432813 0.000000
v 0.063963 -0.432813 0.000000
v 0.076737 -0.432813 0.000000
v 0.089511 -0.432813 0.000000
v 0.102284 -0.432813 0.000000
v 0.115058 -0.432813 0.000000
v 0.127832 -0.432813 0.000000
v 0.140605 -0.432813 0.000000
v 0.153379 -0.432813 0.000000
v 0.166153 -0.432813 0.000000
v 0.178927 -0.432813 0.000000
v 0.191700 -0.432813 0.000000
v 0.204474 -0.432813 0.000000
v 0.217248 -0.432813 0.000000
v 0.230022 -0.432813 0.000000
v 0.242795 -0.432813 0.000000
v 0.255569 -0.432813 0.000000
v 0.268343 -0.432813 0.000000
v 0.281116 -0.432813 0.000000
v 0.000095 -0.445587 0.000000
v 0.038416 -0.445587 0.000000
v 0.051189 -0.445587 0.000000
v 0.063963 -0.445587 0.000000
v 0.076737 -0.445587 0.000000
v 0.089511 -0.445587 0.000000
v 0.102284 -0.445587 0.000000
v 0.115058 -0.445587 0.000000
v 0.127832 -0.445587 0.000000
v 0.140605 -0.445587 0.000000
v 0.153379 -0.445587 0.000000
v 0.166153 -0.445587 0.000000
v 0.178927 -0.445587 0.000000
v 0.191700 -0.445587 0.000000
v 0.204474 -0.445587 0.000000
v 0.217248 -0.445587 0.000000
v 0.230022 -0.445587 0.000000
v 0.242795 -0.445587 0.000000
v 0.255569 -0.445587 0.000000
v 0.268343 -0.445587 0.000000
v -0.012679 -0.458361 0.000000
v 0.051189 -0.458361 0.000000
v 0.063963 -0.458361 0.000000
v 0.076737 -0.458361 0.000000
v 0.089511 -0.458361 0.000000
v 0.102284 -0.458361 0.000000
v 0.115058 -0.458361 0.000000
v 0.127832 -0.458361 0.000000
v 0.140605 -0.458361 0.000000
v 0.153379 -0.458361 0.000000
v 0.166153 -0.458361 0.000000
v 0.178927 -0.458361 0.000000
v 0.191700 -0.458361 0.000000
v 0.204474 -0.458361 0.000000
v 0.217248 -0.458361 0.000000
v 0.230022 -0.458361 0.000000
v 0.242795 -0.458361 0.000000
v 0.255569 -0.458361 0.000000
v 0.076737 -0.471134 0.000000
v 0.089511 -0.471134 0.000000
v 0.102284 -0.471134 0.000000
v 0.115058 -0.471134 0.000000
v 0.127832 -0.471134 0.000000
v 0.140605 -0.471134 0.000000
v 0.153379 -0.471134 0.000000
v 0.166153 -0.471134 0.000000
v 0.178927 -0.471134 0.000000
v 0.191700 -0.471134 0.000000
v 0.204474 -0.471134 0.000000
v 0.217248 -0.471134 0.000000
v 0.230022 -0.471134 0.000000
v 0.242795 -0.471134 0.000000
v 0.255569 -0.471134 0.000000
v 0.102284 -0.483908 0.000000
v 0.115058 -0.483908 0.000000
v 0.127832 -0.483908 0.000000
v 0.140605 -0.483908 0.000000
v 0.153379 -0.483908 0.000000
v 0.166153 -0.483908 0.000000
v 0.178927 -0.483908 0.000000
v 0.191700 -0.483908 0.000000
v 0.204474 -0.483908 0.000000
v 0.217248 -0.483908 0.000000
v 0.230022 -0.483908 0.000000
v 0.242795 -0.483908 0.000000
v 0.191700 -0.496682 0.000000
v 0.204474 -0.496682 0.000000
v 0.217248 -0.496682 0.000000
v 0.230022 -0.496682 0.000000
v 0.204474 -0.509456 0.000000
v 0.217248 -0.509456 0.000000

f 637 579 13
f 579 12 13
f 580 12 579
f 638 580 579
f 695 696 637
f 637 13 695
f 696 697 638
f 638 637 696
f 637 638 579
f 695 756 696
f 580 638 581
f 13 14 695
f 639 581 638
f 581 525 524
f 12 524 525
f 525 471 12
f 580 581 524
f 581 582 525
f 698 639 697
f 697 639 638
f 582 639 640
f 640 583 582
f 639 582 581
f 699 640 639
f 525 582 526
f 524 12 580
f 696 757 697
f 695 14 755
f 695 755 756
f 755 817 756
f 14 815 755
f 15 876 815
f 15 815 14
f 816 878 817
f 815 816 755
f 755 816 817
f 815 877 816
f 756 817 757
f 757 758 698
f 757 696 756
f 758 759 699
f 699 698 758
f 698 699 639
f 757 819 758
f 818 880 819
f 818 819 757
f 759 819 820
f 820 760 759
f 758 819 759
f 819 881 820
f 699 759 700
f 757 817 818
f 698 697 757
f 817 879 818
f 640 699 641
f 471 472 421
f 421 12 471
f 472 473 421
f 471 527 472
f 526 582 583
f 583 527 526
f 527 528 473
f 527 471 526
f 472 527 473
f 584 527 583
f 421 473 422
f 471 525 526
f 474 473 528
f 474 423 422
f 373 422 423
f 423 374 373
f 422 373 421
f 474 475 423
f 585 528 527
f 528 529 474
f 475 529 530
f 530 476 475
f 474 529 475
f 586 529 528
f 423 475 424
f 474 422 473
f 421 373 12
f 587 530 529
f 641 642 584
f 584 583 641
f 701 643 642
f 585 584 642
f 584 585 527
f 641 701 642
f 700 759 760
f 760 701 700
f 701 760 761
f 702 701 761
f 700 701 641
f 820 821 760
f 643 585 642
f 641 699 700
f 643 644 586
f 586 585 643
f 703 645 644
f 587 586 644
f 586 587 529
f 643 703 644
f 702 761 762
f 762 703 702
f 703 762 763
f 704 703 763
f 702 703 643
f 823 762 761
f 763 824 764
f 643 701 702
f 585 586 528
f 822 761 760
f 530 587 531
f 583 640 641
f 12 373 328
f 824 763 762
f 876 938 877
f 876 877 815
f 877 878 816
f 877 939 878
f 938 876 999
f 999 939 938
f 939 999 1000
f 1000 940 939
f 938 939 877
f 999 1061 1000
f 878 939 879
f 876 16 1060
f 879 939 940
f 940 880 879
f 940 941 880
f 880 881 819
f 818 879 880
f 942 881 880
f 1001 1002 941
f 941 940 1001
f 1002 1003 942
f 942 941 1002
f 941 942 880
f 1001 1063 1002
f 881 942 882
f 940 1000 1001
f 817 878 879
f 1000 1062 1001
f 1060 16 1121
f 1121 1061 1060
f 1061 1121 1122
f 1122 1062 1061
f 999 1060 1061
f 1121 1185 1122
f 1183 1250 1184
f 1184 16 1183
f 16 1184 1185
f 1185 1121 16
f 1183 17 1247
f 1184 1251 1185
f 1122 1185 1186
f 876 15 16
f 1123 1122 1186
f 1123 1063 1062
f 1124 1064 1063
f 1063 1001 1062
f 1061 1062 1000
f 1123 1124 1063
f 1186 1253 1187
f 1186 1187 1123
f 1124 1187 1188
f 1125 1124 1188
f 1123 1187 1124
f 1187 1254 1188
f 1064 1003 1063
f 1123 1062 1122
f 1063 1003 1002
f 1185 1252 1186
f 942 1003 943
f 1060 999 876
f 821 882 822
f 822 760 821
f 882 883 822
f 943 882 942
f 1004 1003 1064
f 1004 944 943
f 883 943 944
f 944 884 883
f 943 883 882
f 1004 1005 944
f 822 883 823
f 1004 943 1003
f 945 884 944
f 884 824 823
f 824 884 885
f 825 824 885
f 823 824 762
f 884 946 885
f 1005 1006 945
f 1005 945 944
f 1006 1007 946
f 946 945 1006
f 945 946 884
f 1005 1067 1006
f 946 886 885
f 884 823 883
f 822 823 761
f 1004 1066 1005
f 1064 1124 1125
f 1125 1065 1064
f 1125 1126 1065
f 1065 1066 1004
f 1004 1064 1065
f 1127 1066 1065
f 1189 1190 1126
f 1126 1125 1189
f 1190 1191 1127
f 1127 1126 1190
f 1126 1127 1065
f 1189 1256 1190
f 1066 1127 1067
f 1125 1188 1189
f 1128 1127 1191
f 1128 1068 1067
f 1007 1067 1068
f 1008 1007 1068
f 1066 1067 1005
f 1128 1129 1068
f 1191 1258 1192
f 1191 1192 1128
f 1129 1192 1193
f 1130 1129 1193
f 1128 1192 1129
f 1192 1259 1193
f 1129 1069 1068
f 1128 1067 1127
f 1067 1007 1006
f 1190 1257 1191
f 1007 947 946
f 882 821 881
f 821 820 881
f 1188 1255 1189
f 587 644 645
f 17 1183 16
f 374 375 328
f 328 373 374
f 375 329 328
f 374 425 375
f 531 476 530
f 476 425 424
f 425 476 477
f 477 426 425
f 424 425 374
f 476 532 477
f 375 425 376
f 476 424 475
f 329 375 376
f 376 330 329
f 285 329 330
f 330 286 285
f 329 285 328
f 376 377 330
f 426 477 478
f 478 427 426
f 377 426 427
f 427 378 377
f 426 377 376
f 478 479 427
f 330 377 331
f 376 425 426
f 328 285 11
f 477 533 478
f 588 587 645
f 588 532 531
f 532 588 589
f 589 533 532
f 476 531 532
f 588 646 589
f 645 703 704
f 704 646 645
f 646 704 705
f 647 646 705
f 645 646 588
f 704 765 705
f 646 647 589
f 587 588 531
f 590 589 647
f 590 534 533
f 479 533 534
f 534 480 479
f 532 533 477
f 648 591 590
f 647 705 706
f 706 648 647
f 648 706 707
f 649 648 707
f 647 648 590
f 706 767 707
f 591 534 590
f 590 533 589
f 479 478 533
f 705 766 706
f 427 479 428
f 424 374 423
f 11 286 287
f 288 247 287
f 286 331 287
f 286 330 331
f 378 331 377
f 332 331 378
f 428 479 480
f 429 428 480
f 428 379 378
f 428 378 427
f 287 331 332
f 480 534 535
f 332 378 379
f 379 333 332
f 288 332 333
f 333 289 288
f 332 288 287
f 379 380 333
f 429 480 481
f 481 430 429
f 380 429 430
f 430 381 380
f 429 380 379
f 481 482 430
f 333 380 334
f 379 428 429
f 287 247 11
f 480 536 481
f 591 592 535
f 591 535 534
f 650 593 592
f 536 535 592
f 480 535 536
f 591 650 592
f 649 707 708
f 708 650 649
f 650 708 709
f 651 650 709
f 649 650 591
f 708 769 709
f 593 536 592
f 591 648 649
f 536 593 537
f 537 482 536
f 537 593 594
f 594 538 537
f 482 537 483
f 593 652 594
f 651 709 710
f 710 652 651
f 652 710 711
f 711 653 652
f 651 652 593
f 710 771 711
f 594 652 595
f 593 650 651
f 481 536 482
f 709 770 710
f 430 482 431
f 11 285 286
f 328 11 12
f 707 768 708
f 764 825 765
f 765 704 764
f 825 826 765
f 764 824 825
f 886 946 947
f 947 887 886
f 826 886 887
f 887 827 826
f 886 826 825
f 947 948 887
f 765 826 766
f 825 885 886
f 888 827 887
f 827 767 766
f 767 827 828
f 828 768 767
f 766 767 706
f 827 889 828
f 948 949 888
f 948 888 887
f 949 950 889
f 889 888 949
f 888 889 827
f 948 1010 949
f 828 889 829
f 827 766 826
f 765 766 705
f 947 1009 948
f 1008 1068 1069
f 1069 1009 1008
f 1009 1069 1070
f 1070 1010 1009
f 947 1008 1009
f 1069 1131 1070
f 1130 1193 1194
f 1194 1131 1130
f 1131 1194 1195
f 1195 1132 1131
f 1130 1131 1069
f 1194 1261 1195
f 1070 1131 1071
f 1069 1129 1130
f 1010 1070 1071
f 1071 1011 1010
f 950 1010 1011
f 1011 951 950
f 1009 1010 948
f 1071 1072 1011
f 1132 1195 1196
f 1196 1133 1132
f 1072 1132 1133
f 1133 1073 1072
f 1132 1072 1071
f 1196 1197 1133
f 1011 1072 1012
f 1071 1131 1132
f 950 949 1010
f 1195 1262 1196
f 889 950 890
f 947 1007 1008
f 768 829 769
f 769 708 768
f 829 830 769
f 890 829 889
f 1012 951 1011
f 951 891 890
f 830 890 891
f 891 831 830
f 890 830 829
f 951 952 891
f 769 830 770
f 951 890 950
f 892 831 891
f 831 771 770
f 771 831 832
f 832 772 771
f 770 771 710
f 831 893 832
f 952 953 892
f 952 892 891
f 953 954 893
f 893 892 953
f 892 893 831
f 952 1014 953
f 832 893 833
f 831 770 830
f 769 770 709
f 951 1013 952
f 1134 1073 1133
f 1073 1013 1012
f 1013 1073 1074
f 1074 1014 1013
f 951 1012 1013
f 1073 1135 1074
f 1197 1198 1134
f 1197 1134 1133
f 1198 1199 1135
f 1135 1134 1198
f 1134 1135 1073
f 1197 1264 1198
f 1074 1135 1075
f 1072 1073 1012
f 1136 1075 1135
f 1075 1015 1014
f 954 1014 1015
f 1015 955 954
f 1013 1014 952
f 1075 1076 1015
f 1200 1136 1199
f 1199 1136 1135
f 1076 1136 1137
f 1137 1077 1076
f 1136 1076 1075
f 1201 1137 1136
f 1015 1076 1016
f 1075 1014 1074
f 954 953 1014
f 1198 1265 1199
f 893 954 894
f 829 768 828
f 767 768 707
f 1196 1263 1197
f 711 771 712
f 704 763 764
f 1193 1260 1194
f 17 1381 1313
f 1313 1247 17
f 1381 1382 1313
f 17 1451 1381
f 1451 1524 1452
f 1451 1452 1381
f 1382 1452 1453
f 1453 1383 1382
f 1381 1452 1382
f 1452 1525 1453
f 1313 1382 1314
f 17 1522 1451
f 1314 1315 1247
f 1247 1313 1314
f 1315 1316 1248
f 1248 1247 1315
f 1183 1247 1248
f 1314 1384 1315
f 1453 1454 1383
f 1383 1384 1314
f 1316 1384 1385
f 1385 1317 1316
f 1315 1384 1316
f 1455 1384 1383
f 1248 1316 1249
f 1314 1382 1383
f 1456 1385 1384
f 1522 1595 1523
f 1522 1523 1451
f 1524 1596 1525
f 1524 1525 1452
f 1451 1523 1524
f 1523 1596 1524
f 18 1666 1594
f 18 1594 1522
f 1595 1668 1596
f 1594 1595 1522
f 1523 1595 1596
f 1594 1667 1595
f 1525 1596 1597
f 1522 17 18
f 1526 1525 1597
f 1526 1455 1454
f 1526 1527 1455
f 1456 1384 1455
f 1454 1455 1383
f 1528 1456 1455
f 1597 1670 1598
f 1597 1598 1526
f 1598 1599 1527
f 1528 1455 1527
f 1526 1598 1527
f 1528 1527 1600
f 1456 1528 1457
f 1526 1454 1525
f 1525 1454 1453
f 1596 1669 1597
f 1385 1456 1386
f 1249 1318 1250
f 1249 1250 1183
f 1250 1251 1184
f 1250 1318 1251
f 1317 1385 1386
f 1386 1318 1317
f 1318 1386 1387
f 1319 1318 1387
f 1317 1318 1249
f 1386 1458 1387
f 1318 1319 1251
f 1249 1316 1317
f 1252 1321 1253
f 1252 1253 1186
f 1254 1322 1255
f 1254 1255 1188
f 1187 1253 1254
f 1253 1322 1254
f 1387 1388 1319
f 1320 1252 1319
f 1390 1321 1320
f 1322 1253 1321
f 1320 1321 1252
f 1389 1320 1319
f 1322 1391 1323
f 1252 1251 1319
f 1185 1251 1252
f 1391 1322 1321
f 1457 1530 1458
f 1457 1458 1386
f 1458 1459 1388
f 1389 1319 1388
f 1387 1458 1388
f 1459 1389 1388
f 1601 1529 1528
f 1529 1530 1457
f 1459 1530 1531
f 1460 1459 1531
f 1458 1530 1459
f 1602 1530 1529
f 1459 1460 1389
f 1457 1528 1529
f 1460 1461 1390
f 1390 1389 1460
f 1461 1462 1391
f 1391 1390 1461
f 1390 1391 1321
f 1460 1533 1461
f 1604 1532 1531
f 1532 1533 1460
f 1462 1533 1534
f 1463 1462 1534
f 1461 1533 1462
f 1605 1533 1532
f 1462 1392 1391
f 1460 1531 1532
f 1389 1390 1320
f 1603 1531 1530
f 1534 1606 1535
f 1386 1456 1457
f 1183 1248 1249
f 1606 1534 1533
f 1666 1739 1667
f 1666 1667 1594
f 1667 1668 1595
f 1667 1740 1668
f 1738 1811 1739
f 1738 1739 1666
f 1740 1741 1669
f 1740 1667 1739
f 1669 1668 1740
f 1739 1812 1740
f 1596 1668 1669
f 1738 18 19
f 1670 1671 1599
f 1670 1597 1669
f 1671 1672 1600
f 1600 1599 1671
f 1599 1600 1527
f 1670 1743 1671
f 1741 1814 1742
f 1741 1742 1670
f 1743 1744 1672
f 1743 1670 1742
f 1672 1671 1743
f 1742 1815 1743
f 1600 1672 1601
f 1670 1669 1741
f 1598 1670 1599
f 1740 1813 1741
f 1882 1810 19
f 1810 1738 19
f 1883 1811 1810
f 1811 1812 1739
f 1738 1810 1811
f 1884 1812 1811
f 1882 1954 1883
f 1883 1810 1882
f 1955 1884 1954
f 1884 1883 1954
f 1883 1884 1811
f 19 20 1882
f 1812 1884 1813
f 20 1954 1882
f 1813 1886 1814
f 1813 1814 1741
f 1815 1816 1744
f 1815 1742 1814
f 1812 1813 1740
f 1814 1887 1815
f 1956 1885 1884
f 1885 1886 1813
f 1887 1888 1816
f 1887 1814 1886
f 1816 1815 1887
f 1957 1886 1885
f 1744 1816 1745
f 1813 1884 1885
f 1744 1743 1815
f 1887 1886 1958
f 1672 1744 1673
f 1738 1666 18
f 1601 1674 1602
f 1602 1529 1601
f 1603 1530 1602
f 1602 1674 1603
f 1817 1745 1816
f 1745 1674 1673
f 1674 1745 1746
f 1675 1674 1746
f 1673 1674 1601
f 1745 1818 1746
f 1674 1675 1603
f 1745 1673 1744
f 1676 1604 1675
f 1604 1603 1675
f 1677 1605 1604
f 1606 1533 1605
f 1604 1605 1532
f 1678 1606 1605
f 1748 1676 1747
f 1676 1675 1747
f 1749 1677 1676
f 1678 1605 1677
f 1676 1677 1604
f 1750 1678 1677
f 1678 1607 1606
f 1675 1746 1747
f 1603 1604 1531
f 1746 1819 1747
f 1817 1890 1818
f 1817 1818 1745
f 1891 1820 1819
f 1819 1746 1818
f 1748 1747 1819
f 1818 1891 1819
f 1959 1888 1887
f 1889 1817 1888
f 1961 1890 1889
f 1891 1818 1890
f 1889 1890 1817
f 1960 1889 1888
f 1819 1820 1748
f 1888 1817 1816
f 1820 1821 1749
f 1749 1748 1820
f 1821 1822 1750
f 1750 1749 1821
f 1749 1750 1677
f 1820 1893 1821
f 1963 1892 1891
f 1892 1893 1820
f 1822 1893 1894
f 1823 1822 1894
f 1821 1893 1822
f 1964 1893 1892
f 1822 1751 1750
f 1820 1891 1892
f 1748 1749 1676
f 1962 1891 1890
f 1750 1679 1678
f 1673 1601 1672
f 1600 1601 1528
f 1894 1893 1965
f 1323 1255 1322
f 1324 1256 1323
f 1256 1255 1323
f 1256 1257 1190
f 1325 1257 1256
f 1392 1393 1324
f 1324 1323 1392
f 1394 1325 1393
f 1325 1324 1393
f 1324 1325 1256
f 1392 1464 1393
f 1257 1325 1258
f 1323 1391 1392
f 1258 1327 1259
f 1258 1259 1192
f 1260 1329 1261
f 1260 1261 1194
f 1193 1259 1260
f 1259 1328 1260
f 1395 1326 1325
f 1327 1258 1326
f 1397 1328 1327
f 1329 1260 1328
f 1327 1328 1259
f 1396 1327 1326
f 1261 1329 1262
f 1258 1325 1326
f 1191 1257 1258
f 1397 1329 1328
f 1463 1536 1464
f 1463 1464 1392
f 1464 1465 1394
f 1395 1325 1394
f 1393 1464 1394
f 1465 1395 1394
f 1535 1608 1536
f 1535 1536 1463
f 1465 1536 1537
f 1466 1465 1537
f 1464 1536 1465
f 1536 1609 1537
f 1465 1466 1395
f 1463 1534 1535
f 1466 1467 1396
f 1396 1395 1466
f 1467 1468 1397
f 1397 1396 1467
f 1396 1397 1327
f 1466 1539 1467
f 1538 1611 1539
f 1538 1539 1466
f 1468 1539 1540
f 1469 1468 1540
f 1467 1539 1468
f 1539 1612 1540
f 1468 1398 1397
f 1466 1537 1538
f 1395 1396 1326
f 1537 1610 1538
f 1398 1329 1397
f 1392 1462 1463
f 1262 1331 1263
f 1262 1263 1196
f 1263 1264 1197
f 1263 1332 1264
f 1399 1330 1398
f 1398 1330 1329
f 1400 1331 1330
f 1332 1263 1331
f 1330 1331 1262
f 1332 1331 1401
f 1264 1332 1265
f 1330 1262 1329
f 1265 1266 1200
f 1265 1198 1264
f 1266 1267 1201
f 1201 1200 1266
f 1200 1201 1136
f 1265 1334 1266
f 1402 1333 1332
f 1333 1334 1265
f 1267 1334 1335
f 1335 1268 1267
f 1266 1334 1267
f 1403 1334 1333
f 1201 1267 1202
f 1265 1332 1333
f 1261 1262 1195
f 1404 1335 1334
f 1469 1470 1399
f 1399 1398 1469
f 1470 1471 1400
f 1400 1399 1470
f 1399 1400 1330
f 1469 1542 1470
f 1541 1614 1542
f 1541 1542 1469
f 1471 1542 1543
f 1543 1472 1471
f 1470 1542 1471
f 1542 1615 1543
f 1400 1471 1401
f 1469 1540 1541
f 1401 1473 1402
f 1402 1332 1401
f 1403 1474 1404
f 1404 1334 1403
f 1402 1403 1333
f 1402 1474 1403
f 1472 1543 1544
f 1544 1473 1472
f 1544 1545 1473
f 1474 1402 1473
f 1472 1473 1401
f 1546 1474 1473
f 1474 1546 1475
f 1401 1471 1472
f 1400 1401 1331
f 1543 1616 1544
f 1335 1404 1336
f 1398 1468 1469
f 1255 1256 1189
f 1540 1613 1541
f 1607 1680 1608
f 1607 1608 1535
f 1608 1609 1536
f 1608 1680 1609
f 1679 1750 1751
f 1751 1680 1679
f 1680 1751 1752
f 1681 1680 1752
f 1679 1680 1607
f 1751 1824 1752
f 1680 1681 1609
f 1607 1678 1679
f 1610 1683 1611
f 1610 1611 1538
f 1612 1684 1613
f 1612 1613 1540
f 1539 1611 1612
f 1611 1684 1612
f 1752 1753 1681
f 1682 1610 1681
f 1755 1683 1682
f 1684 1611 1683
f 1682 1683 1610
f 1754 1682 1681
f 1684 1756 1685
f 1610 1609 1681
f 1537 1609 1610
f 1756 1684 1683
f 1823 1896 1824
f 1823 1824 1751
f 1824 1825 1753
f 1754 1681 1753
f 1752 1824 1753
f 1825 1754 1753
f 1966 1895 1894
f 1895 1896 1823
f 1825 1896 1897
f 1826 1825 1897
f 1824 1896 1825
f 1967 1896 1895
f 1825 1826 1754
f 1823 1894 1895
f 1826 1827 1755
f 1755 1754 1826
f 1827 1828 1756
f 1756 1755 1827
f 1755 1756 1683
f 1826 1899 1827
f 1969 1898 1897
f 1898 1899 1826
f 1828 1899 1900
f 1829 1828 1900
f 1827 1899 1828
f 1970 1899 1898
f 1828 1757 1756
f 1826 1897 1898
f 1754 1755 1682
f 1968 1897 1896
f 1613 1684 1685
f 1751 1822 1823
f 1686 1614 1685
f 1614 1613 1685
f 1614 1615 1542
f 1687 1615 1614
f 1757 1758 1686
f 1686 1685 1757
f 1759 1687 1758
f 1687 1686 1758
f 1686 1687 1614
f 1757 1830 1758
f 1615 1687 1616
f 1685 1756 1757
f 1616 1617 1545
f 1616 1543 1615
f 1617 1618 1546
f 1546 1545 1617
f 1545 1546 1473
f 1616 1689 1617
f 1760 1688 1687
f 1688 1689 1616
f 1618 1689 1690
f 1619 1618 1690
f 1617 1689 1618
f 1761 1689 1688
f 1618 1547 1546
f 1616 1687 1688
f 1613 1614 1541
f 1762 1690 1689
f 1829 1902 1830
f 1829 1830 1757
f 1830 1831 1759
f 1760 1687 1759
f 1758 1830 1759
f 1831 1760 1759
f 1972 1901 1900
f 1901 1902 1829
f 1831 1902 1903
f 1832 1831 1903
f 1830 1902 1831
f 1973 1902 1901
f 1831 1832 1760
f 1829 1900 1901
f 1832 1833 1761
f 1761 1760 1832
f 1833 1834 1762
f 1762 1761 1833
f 1761 1762 1689
f 1832 1905 1833
f 1975 1904 1903
f 1904 1905 1832
f 1834 1905 1906
f 1835 1834 1906
f 1833 1905 1834
f 1976 1905 1904
f 1834 1763 1762
f 1832 1903 1904
f 1760 1761 1688
f 1974 1903 1902
f 1762 1691 1690
f 1757 1828 1829
f 1616 1545 1544
f 1971 1900 1899
f 1404 1474 1475
f 1535 1606 1607
f 1265 1200 1199
f 1906 1905 1977
f 1137 1201 1138
f 247 290 248
f 248 10 247
f 249 10 248
f 248 290 249
f 381 334 380
f 334 290 289
f 290 334 335
f 291 290 335
f 289 290 247
f 334 382 335
f 290 291 249
f 334 289 333
f 10 250 212
f 9 10 212
f 250 251 213
f 213 212 250
f 212 213 9
f 250 249 291
f 335 336 291
f 291 292 250
f 251 292 293
f 293 252 251
f 250 292 251
f 337 292 291
f 213 251 214
f 250 10 249
f 247 10 11
f 338 293 292
f 381 432 382
f 381 382 334
f 336 382 383
f 383 337 336
f 335 382 336
f 382 432 383
f 538 483 537
f 483 432 431
f 432 483 484
f 433 432 484
f 431 432 381
f 483 539 484
f 432 433 383
f 483 431 482
f 384 383 433
f 384 338 337
f 338 384 385
f 385 339 338
f 337 338 292
f 384 434 385
f 433 484 485
f 485 434 433
f 434 485 486
f 435 434 486
f 433 434 384
f 485 541 486
f 434 435 385
f 384 337 383
f 336 337 291
f 484 540 485
f 293 338 294
f 431 381 430
f 9 180 181
f 181 8 9
f 180 215 181
f 180 213 214
f 252 214 251
f 252 215 214
f 253 215 252
f 252 294 253
f 214 215 180
f 294 252 293
f 181 215 182
f 294 338 339
f 182 215 216
f 182 183 8
f 216 217 183
f 183 182 216
f 183 154 8
f 216 215 253
f 294 295 253
f 253 254 216
f 217 254 255
f 255 218 217
f 216 254 217
f 296 254 253
f 183 217 184
f 181 182 8
f 297 255 254
f 386 385 435
f 386 340 339
f 295 339 340
f 340 296 295
f 339 295 294
f 386 387 340
f 486 487 435
f 435 436 386
f 387 436 437
f 437 388 387
f 386 436 387
f 488 436 435
f 340 387 341
f 385 386 339
f 296 340 341
f 341 297 296
f 297 341 342
f 342 298 297
f 296 297 254
f 341 389 342
f 388 437 438
f 438 389 388
f 389 438 439
f 439 390 389
f 388 389 341
f 490 438 437
f 342 389 343
f 341 387 388
f 295 296 253
f 489 437 436
f 255 297 256
f 9 213 180
f 491 439 438
f 538 596 539
f 538 539 483
f 539 540 484
f 539 596 540
f 712 653 711
f 653 596 595
f 596 653 654
f 597 596 654
f 595 596 538
f 653 713 654
f 596 597 540
f 653 595 652
f 598 541 597
f 541 540 597
f 487 541 542
f 542 488 487
f 540 541 485
f 599 542 541
f 655 656 598
f 598 597 655
f 715 657 656
f 599 598 656
f 598 599 541
f 655 715 656
f 542 599 543
f 597 654 655
f 541 487 486
f 654 714 655
f 833 772 832
f 772 713 712
f 713 772 773
f 773 714 713
f 712 713 653
f 772 834 773
f 955 894 954
f 894 834 833
f 834 894 895
f 895 835 834
f 833 834 772
f 894 956 895
f 773 834 774
f 894 833 893
f 714 773 774
f 774 715 714
f 715 774 775
f 716 715 775
f 714 715 655
f 774 836 775
f 835 895 896
f 896 836 835
f 836 896 897
f 837 836 897
f 835 836 774
f 896 958 897
f 836 776 775
f 774 834 835
f 713 714 654
f 895 957 896
f 656 657 599
f 772 712 771
f 488 543 489
f 489 436 488
f 543 544 489
f 600 543 599
f 657 658 600
f 657 600 599
f 601 544 600
f 600 658 601
f 600 544 543
f 657 717 658
f 489 544 490
f 543 488 542
f 545 544 601
f 545 491 490
f 491 545 546
f 546 492 491
f 490 491 438
f 545 602 546
f 601 658 659
f 659 602 601
f 602 659 660
f 603 602 660
f 601 602 545
f 659 719 660
f 660 719 661
f 545 490 544
f 489 490 437
f 658 718 659
f 716 775 776
f 776 717 716
f 717 776 777
f 777 718 717
f 716 717 657
f 776 838 777
f 837 897 898
f 898 838 837
f 838 898 899
f 899 839 838
f 837 838 776
f 898 960 899
f 777 838 778
f 776 836 837
f 718 777 778
f 778 719 718
f 719 778 779
f 720 719 779
f 718 719 659
f 778 840 779
f 839 899 900
f 900 840 839
f 840 900 901
f 841 840 901
f 839 840 778
f 900 962 901
f 840 780 779
f 778 838 839
f 717 718 658
f 899 961 900
f 603 546 602
f 657 715 716
f 487 488 435
f 897 959 898
f 439 491 440
f 595 538 594
f 184 185 154
f 154 183 184
f 185 155 154
f 184 219 185
f 298 256 297
f 256 219 218
f 219 256 257
f 257 220 219
f 218 219 184
f 256 299 257
f 185 219 186
f 256 218 255
f 155 185 186
f 155 131 7
f 131 155 156
f 156 132 131
f 131 6 7
f 155 187 156
f 220 186 219
f 220 187 186
f 187 220 221
f 221 188 187
f 186 187 155
f 257 258 220
f 156 187 157
f 154 155 7
f 8 154 7
f 259 221 220
f 390 343 389
f 343 299 298
f 299 343 344
f 344 300 299
f 256 298 299
f 343 391 344
f 492 440 491
f 440 391 390
f 391 440 441
f 441 392 391
f 390 391 343
f 440 493 441
f 344 391 345
f 440 390 439
f 258 299 300
f 300 259 258
f 259 300 301
f 301 260 259
f 258 259 220
f 300 346 301
f 345 391 392
f 392 346 345
f 393 346 392
f 392 442 393
f 345 346 300
f 392 441 442
f 301 346 302
f 300 344 345
f 257 299 258
f 441 494 442
f 221 259 222
f 343 298 342
f 6 132 110
f 132 133 110
f 132 156 157
f 188 157 187
f 158 157 188
f 133 157 158
f 188 222 189
f 157 133 132
f 222 188 221
f 110 133 111
f 222 259 260
f 133 158 134
f 134 111 133
f 134 158 159
f 159 135 134
f 111 134 112
f 158 190 159
f 189 222 223
f 223 190 189
f 190 223 224
f 224 191 190
f 189 190 158
f 223 262 224
f 159 190 160
f 158 188 189
f 110 111 95
f 222 261 223
f 347 302 346
f 302 261 260
f 394 348 347
f 302 347 303
f 260 261 222
f 347 346 393
f 393 442 443
f 443 394 393
f 394 443 444
f 395 394 444
f 393 394 347
f 443 496 444
f 261 302 303
f 301 302 260
f 303 347 348
f 348 304 303
f 262 303 304
f 304 263 262
f 303 262 261
f 348 349 304
f 395 444 445
f 445 396 395
f 349 395 396
f 396 350 349
f 395 349 348
f 445 446 396
f 304 349 305
f 348 394 395
f 261 262 223
f 444 497 445
f 224 262 225
f 6 131 132
f 442 495 443
f 492 547 493
f 492 493 440
f 604 548 547
f 547 546 603
f 603 660 661
f 661 604 603
f 604 661 662
f 605 604 662
f 603 604 547
f 661 721 662
f 548 493 547
f 546 547 492
f 548 549 494
f 494 493 548
f 606 550 549
f 495 494 549
f 442 494 495
f 548 606 549
f 605 662 663
f 663 606 605
f 606 663 664
f 607 606 664
f 605 606 548
f 663 723 664
f 664 723 665
f 548 604 605
f 441 493 494
f 662 722 663
f 720 779 780
f 780 721 720
f 721 780 781
f 781 722 721
f 720 721 661
f 780 842 781
f 841 901 902
f 902 842 841
f 842 902 903
f 903 843 842
f 841 842 780
f 902 964 903
f 781 842 782
f 780 840 841
f 722 781 782
f 782 723 722
f 723 782 783
f 724 723 783
f 722 723 663
f 782 844 783
f 843 903 904
f 904 844 843
f 844 904 905
f 845 844 905
f 843 844 782
f 904 966 905
f 844 784 783
f 782 842 843
f 721 722 662
f 903 965 904
f 495 549 550
f 661 719 720
f 550 551 496
f 496 495 550
f 551 497 496
f 550 608 551
f 607 664 665
f 665 608 607
f 608 665 666
f 666 609 608
f 607 608 550
f 665 725 666
f 551 608 552
f 550 606 607
f 497 551 552
f 552 498 497
f 446 497 498
f 498 447 446
f 496 497 444
f 552 553 498
f 609 666 667
f 667 610 609
f 553 609 610
f 610 554 553
f 609 553 552
f 667 668 610
f 498 553 499
f 552 608 609
f 495 496 443
f 666 726 667
f 724 783 784
f 784 725 724
f 725 784 785
f 785 726 725
f 665 724 725
f 784 846 785
f 845 905 906
f 906 846 845
f 846 906 907
f 907 847 846
f 845 846 784
f 906 968 907
f 785 846 786
f 784 844 845
f 726 785 786
f 786 727 726
f 668 726 727
f 727 669 668
f 725 726 666
f 786 787 727
f 847 907 908
f 908 848 847
f 787 847 848
f 848 788 787
f 847 787 786
f 908 909 848
f 727 787 728
f 786 846 847
f 668 667 726
f 907 969 908
f 610 668 611
f 665 723 724
f 446 445 497
f 905 967 906
f 396 446 397
f 218 184 217
f 901 963 902
f 955 1016 956
f 955 956 894
f 1016 1017 956
f 1077 1016 1076
f 1202 1138 1201
f 1138 1078 1077
f 1017 1077 1078
f 1078 1018 1017
f 1077 1017 1016
f 1138 1139 1078
f 956 1017 957
f 1138 1077 1137
f 1079 1018 1078
f 1018 958 957
f 958 1018 1019
f 1019 959 958
f 896 957 958
f 1018 1080 1019
f 1139 1140 1079
f 1139 1079 1078
f 1140 1141 1080
f 1080 1079 1140
f 1079 1080 1018
f 1139 1204 1140
f 1019 1080 1020
f 1018 957 1017
f 895 956 957
f 1138 1203 1139
f 1336 1268 1335
f 1268 1203 1202
f 1203 1268 1269
f 1269 1204 1203
f 1138 1202 1203
f 1268 1337 1269
f 1405 1404 1475
f 1405 1337 1336
f 1337 1405 1406
f 1406 1338 1337
f 1336 1337 1268
f 1405 1477 1406
f 1269 1337 1270
f 1405 1336 1404
f 1204 1269 1270
f 1270 1205 1204
f 1141 1204 1205
f 1205 1142 1141
f 1203 1204 1139
f 1270 1271 1205
f 1338 1406 1407
f 1407 1339 1338
f 1271 1338 1339
f 1339 1272 1271
f 1338 1271 1270
f 1407 1408 1339
f 1205 1271 1206
f 1270 1337 1338
f 1141 1140 1204
f 1406 1478 1407
f 1080 1141 1081
f 1268 1202 1267
f 959 1020 960
f 959 960 898
f 1020 1021 960
f 1081 1020 1080
f 1206 1142 1205
f 1142 1082 1081
f 1021 1081 1082
f 1082 1022 1021
f 1081 1021 1020
f 1142 1143 1082
f 960 1021 961
f 1142 1081 1141
f 1083 1022 1082
f 1022 962 961
f 962 1022 1023
f 1023 963 962
f 900 961 962
f 1022 1084 1023
f 1143 1144 1083
f 1143 1083 1082
f 1144 1145 1084
f 1084 1083 1144
f 1083 1084 1022
f 1143 1208 1144
f 1023 1084 1024
f 1022 961 1021
f 899 960 961
f 1142 1207 1143
f 1340 1272 1339
f 1272 1207 1206
f 1207 1272 1273
f 1273 1208 1207
f 1142 1206 1207
f 1272 1341 1273
f 1408 1409 1340
f 1408 1340 1339
f 1409 1410 1341
f 1341 1340 1409
f 1340 1341 1272
f 1408 1480 1409
f 1273 1341 1274
f 1271 1272 1206
f 1342 1274 1341
f 1274 1209 1208
f 1145 1208 1209
f 1209 1146 1145
f 1207 1208 1143
f 1274 1275 1209
f 1411 1342 1410
f 1410 1342 1341
f 1275 1342 1343
f 1343 1276 1275
f 1342 1275 1274
f 1412 1343 1342
f 1209 1275 1210
f 1274 1208 1273
f 1145 1144 1208
f 1409 1481 1410
f 1084 1145 1085
f 1020 959 1019
f 897 958 959
f 1407 1479 1408
f 1475 1548 1476
f 1475 1476 1405
f 1476 1477 1405
f 1476 1548 1477
f 1547 1618 1619
f 1619 1548 1547
f 1548 1619 1620
f 1549 1548 1620
f 1547 1548 1475
f 1619 1692 1620
f 1548 1549 1477
f 1475 1546 1547
f 1549 1550 1478
f 1478 1477 1549
f 1550 1551 1479
f 1479 1478 1550
f 1407 1478 1479
f 1549 1622 1550
f 1621 1694 1622
f 1621 1622 1549
f 1551 1622 1623
f 1623 1552 1551
f 1550 1622 1551
f 1622 1694 1623
f 1479 1551 1480
f 1549 1620 1621
f 1406 1477 1478
f 1620 1693 1621
f 1691 1762 1763
f 1763 1692 1691
f 1692 1763 1764
f 1764 1693 1692
f 1691 1692 1619
f 1763 1836 1764
f 1835 1906 1907
f 1907 1836 1835
f 1836 1907 1908
f 1908 1837 1836
f 1835 1836 1763
f 1978 1907 1906
f 1764 1836 1765
f 1763 1834 1835
f 1693 1764 1765
f 1765 1694 1693
f 1694 1765 1766
f 1695 1694 1766
f 1693 1694 1621
f 1765 1838 1766
f 1837 1908 1909
f 1909 1838 1837
f 1838 1909 1910
f 1839 1838 1910
f 1837 1838 1765
f 1980 1909 1908
f 1838 1767 1766
f 1765 1836 1837
f 1692 1693 1620
f 1979 1908 1907
f 1623 1694 1695
f 1619 1690 1691
f 1480 1552 1481
f 1480 1481 1409
f 1552 1553 1481
f 1624 1552 1623
f 1696 1624 1695
f 1695 1624 1623
f 1553 1624 1625
f 1625 1554 1553
f 1624 1553 1552
f 1625 1624 1697
f 1481 1553 1482
f 1552 1480 1551
f 1411 1481 1482
f 1482 1412 1411
f 1412 1482 1483
f 1483 1413 1412
f 1411 1412 1342
f 1482 1555 1483
f 1554 1625 1626
f 1626 1555 1554
f 1555 1626 1627
f 1627 1556 1555
f 1554 1555 1482
f 1698 1626 1625
f 1483 1555 1484
f 1482 1553 1554
f 1479 1480 1408
f 1699 1627 1626
f 1767 1768 1696
f 1696 1695 1767
f 1840 1769 1768
f 1697 1696 1768
f 1696 1697 1624
f 1767 1840 1768
f 1839 1910 1911
f 1911 1840 1839
f 1840 1911 1912
f 1841 1840 1912
f 1839 1840 1767
f 1982 1911 1910
f 1769 1697 1768
f 1767 1838 1839
f 1769 1770 1698
f 1698 1697 1769
f 1842 1771 1770
f 1699 1698 1770
f 1698 1699 1626
f 1769 1842 1770
f 1841 1912 1913
f 1913 1842 1841
f 1842 1913 1914
f 1843 1842 1914
f 1841 1842 1769
f 1984 1913 1912
f 1771 1699 1770
f 1769 1840 1841
f 1697 1698 1625
f 1983 1912 1911
f 1627 1699 1628
f 1695 1766 1767
f 1481 1411 1410
f 1981 1910 1909
f 1343 1412 1344
f 1015 1016 955
f 963 1024 964
f 963 964 902
f 1024 1025 964
f 1085 1024 1084
f 1210 1146 1209
f 1146 1086 1085
f 1025 1085 1086
f 1086 1026 1025
f 1085 1025 1024
f 1146 1147 1086
f 964 1025 965
f 1146 1085 1145
f 1087 1026 1086
f 1026 966 965
f 966 1026 1027
f 1027 967 966
f 904 965 966
f 1026 1088 1027
f 1147 1148 1087
f 1147 1087 1086
f 1148 1149 1088
f 1088 1087 1148
f 1087 1088 1026
f 1147 1212 1148
f 1027 1088 1028
f 1026 965 1025
f 903 964 965
f 1146 1211 1147
f 1344 1276 1343
f 1276 1211 1210
f 1211 1276 1277
f 1277 1212 1211
f 1146 1210 1211
f 1276 1345 1277
f 1484 1413 1483
f 1413 1345 1344
f 1345 1413 1414
f 1414 1346 1345
f 1344 1345 1276
f 1413 1485 1414
f 1277 1345 1278
f 1413 1344 1412
f 1212 1277 1278
f 1278 1213 1212
f 1149 1212 1213
f 1213 1150 1149
f 1211 1212 1147
f 1278 1279 1213
f 1346 1414 1415
f 1415 1347 1346
f 1279 1346 1347
f 1347 1280 1279
f 1346 1279 1278
f 1415 1416 1347
f 1213 1279 1214
f 1278 1345 1346
f 1149 1148 1212
f 1414 1486 1415
f 1088 1149 1089
f 1276 1210 1275
f 967 1028 968
f 967 968 906
f 1028 1029 968
f 1089 1028 1088
f 1214 1150 1213
f 1150 1090 1089
f 1029 1089 1090
f 1090 1030 1029
f 1089 1029 1028
f 1150 1151 1090
f 968 1029 969
f 1150 1089 1149
f 1091 1030 1090
f 1030 970 969
f 909 969 970
f 970 910 909
f 968 969 907
f 1030 1031 970
f 1152 1091 1151
f 1151 1091 1090
f 1031 1091 1092
f 1092 1032 1031
f 1091 1031 1030
f 1153 1092 1091
f 970 1031 971
f 1030 969 1029
f 966 967 905
f 1150 1215 1151
f 1348 1280 1347
f 1280 1215 1214
f 1215 1280 1281
f 1281 1216 1215
f 1150 1214 1215
f 1280 1349 1281
f 1416 1417 1348
f 1416 1348 1347
f 1418 1349 1417
f 1349 1348 1417
f 1348 1349 1280
f 1416 1488 1417
f 1281 1349 1282
f 1279 1280 1214
f 1152 1215 1216
f 1216 1153 1152
f 1153 1216 1217
f 1217 1154 1153
f 1152 1153 1091
f 1216 1283 1217
f 1282 1349 1350
f 1350 1283 1282
f 1283 1350 1351
f 1351 1284 1283
f 1282 1283 1216
f 1419 1350 1349
f 1217 1283 1218
f 1216 1281 1282
f 1151 1215 1152
f 1420 1351 1350
f 1092 1153 1093
f 1028 967 1027
f 962 963 901
f 1415 1487 1416
f 1484 1556 1485
f 1484 1485 1413
f 1556 1557 1485
f 1628 1556 1627
f 1700 1699 1771
f 1700 1629 1628
f 1557 1628 1629
f 1629 1558 1557
f 1628 1557 1556
f 1700 1701 1629
f 1485 1557 1486
f 1700 1628 1699
f 1630 1558 1629
f 1558 1487 1486
f 1487 1558 1559
f 1559 1488 1487
f 1415 1486 1487
f 1558 1631 1559
f 1701 1702 1630
f 1701 1630 1629
f 1702 1703 1631
f 1631 1630 1702
f 1630 1631 1558
f 1701 1774 1702
f 1559 1631 1560
f 1558 1486 1557
f 1414 1485 1486
f 1700 1773 1701
f 1771 1842 1843
f 1843 1772 1771
f 1843 1844 1772
f 1772 1773 1700
f 1700 1771 1772
f 1845 1773 1772
f 1915 1916 1844
f 1844 1843 1915
f 1916 1917 1845
f 1845 1844 1916
f 1844 1845 1772
f 1986 1915 1914
f 1773 1845 1774
f 1843 1914 1915
f 1846 1845 1917
f 1846 1775 1774
f 1703 1774 1775
f 1775 1704 1703
f 1773 1774 1701
f 1846 1847 1775
f 1988 1917 1916
f 1917 1918 1846
f 1847 1918 1919
f 1919 1848 1847
f 1846 1918 1847
f 1989 1918 1917
f 1775 1847 1776
f 1846 1774 1845
f 1774 1703 1702
f 1987 1916 1915
f 1631 1703 1632
f 1555 1556 1484
f 1488 1489 1418
f 1488 1416 1487
f 1489 1419 1418
f 1488 1561 1489
f 1560 1631 1632
f 1632 1561 1560
f 1561 1632 1633
f 1633 1562 1561
f 1560 1561 1488
f 1632 1705 1633
f 1489 1561 1490
f 1488 1559 1560
f 1419 1489 1490
f 1490 1420 1419
f 1420 1490 1491
f 1491 1421 1420
f 1419 1420 1350
f 1490 1563 1491
f 1562 1633 1634
f 1634 1563 1562
f 1563 1634 1635
f 1635 1564 1563
f 1562 1563 1490
f 1634 1707 1635
f 1491 1563 1492
f 1490 1561 1562
f 1418 1419 1349
f 1633 1706 1634
f 1704 1775 1776
f 1776 1705 1704
f 1705 1776 1777
f 1777 1706 1705
f 1704 1705 1632
f 1776 1849 1777
f 1848 1919 1920
f 1920 1849 1848
f 1849 1920 1921
f 1921 1850 1849
f 1848 1849 1776
f 1991 1920 1919
f 1777 1849 1778
f 1776 1847 1848
f 1706 1777 1778
f 1778 1707 1706
f 1707 1778 1779
f 1779 1708 1707
f 1706 1707 1634
f 1778 1851 1779
f 1850 1921 1922
f 1922 1851 1850
f 1851 1922 1923
f 1923 1852 1851
f 1850 1851 1778
f 1993 1922 1921
f 1779 1851 1780
f 1778 1849 1850
f 1705 1706 1633
f 1992 1921 1920
f 1635 1707 1636
f 1632 1703 1704
f 1417 1488 1418
f 1990 1919 1918
f 1351 1420 1352
f 1024 963 1023
f 909 908 969
f 1985 1914 1913
f 848 909 849
f 289 247 288
f 1994 1923 1922
f 1955 2027 1956
f 1956 1884 1955
f 1957 1885 1956
f 1956 2028 1957
f 2025 20 2026
f 2026 1955 2025
f 2027 2097 2028
f 2028 1956 2027
f 2026 2027 1955
f 2026 2096 2027
f 1957 2028 1958
f 1955 1954 2025
f 1958 2030 1959
f 1959 1887 1958
f 1960 2032 1961
f 1961 1889 1960
f 1959 1960 1888
f 1959 2031 1960
f 2029 2099 2030
f 2030 1958 2029
f 2031 2101 2032
f 2032 1960 2031
f 2030 2031 1959
f 2030 2100 2031
f 1961 2032 1962
f 1958 2028 2029
f 1957 1958 1886
f 2028 2098 2029
f 2096 20 21
f 20 2096 2026
f 2097 21 2098
f 2096 2097 2027
f 2098 2028 2097
f 2096 21 2097
f 22 2234 21
f 2166 21 2234
f 2234 2167 2166
f 21 2166 2098
f 2302 2234 22
f 2098 2166 2099
f 2099 2166 2167
f 2167 2100 2099
f 2167 2168 2100
f 2099 2100 2030
f 2029 2098 2099
f 2169 2101 2100
f 2235 2236 2168
f 2168 2167 2235
f 2236 2237 2169
f 2169 2168 2236
f 2168 2169 2100
f 2303 2235 2234
f 2101 2169 2102
f 2167 2234 2235
f 2031 2100 2101
f 2236 2235 2304
f 2032 2101 2033
f 2025 1954 20
f 1962 2034 1963
f 1963 1891 1962
f 1964 1892 1963
f 1963 2034 1964
f 2170 2102 2169
f 2102 2034 2033
f 2034 2102 2103
f 2035 2034 2103
f 2033 2034 1962
f 2102 2171 2103
f 2034 2035 1964
f 2102 2033 2101
f 2036 1965 2035
f 1965 1964 2035
f 2037 1966 1965
f 1967 1895 1966
f 1965 1966 1894
f 2038 1967 1966
f 2105 2036 2104
f 2036 2035 2104
f 2106 2037 2036
f 2038 1966 2037
f 2036 2037 1965
f 2107 2038 2037
f 1967 2038 1968
f 2035 2103 2104
f 1964 1965 1893
f 2103 2172 2104
f 2170 2239 2171
f 2170 2171 2102
f 2240 2173 2172
f 2172 2103 2171
f 2105 2104 2172
f 2171 2240 2172
f 2305 2237 2236
f 2238 2170 2237
f 2307 2239 2238
f 2240 2171 2239
f 2238 2239 2170
f 2306 2238 2237
f 2172 2173 2105
f 2237 2170 2169
f 2173 2174 2106
f 2106 2105 2173
f 2174 2175 2107
f 2107 2106 2174
f 2106 2107 2037
f 2173 2242 2174
f 2309 2241 2240
f 2241 2242 2173
f 2175 2242 2243
f 2243 2176 2175
f 2174 2242 2175
f 2310 2242 2241
f 2107 2175 2108
f 2173 2240 2241
f 2105 2106 2036
f 2308 2240 2239
f 2038 2107 2039
f 2033 1962 2032
f 1961 1962 1890
f 2311 2243 2242
f 2369 2301 23
f 2301 22 23
f 2302 22 2301
f 2370 2302 2301
f 23 24 2369
f 2437 2370 2369
f 2370 2437 2438
f 2438 2371 2370
f 2369 2370 2301
f 2437 25 2438
f 2302 2370 2303
f 24 2437 2369
f 2303 2372 2304
f 2304 2235 2303
f 2305 2374 2306
f 2306 2237 2305
f 2304 2305 2236
f 2304 2373 2305
f 2438 2439 2371
f 2372 2303 2371
f 2441 2373 2372
f 2374 2305 2373
f 2372 2373 2304
f 2440 2372 2371
f 2306 2374 2307
f 2303 2370 2371
f 2302 2303 2234
f 2442 2374 2373
f 24 25 2437
f 25 2505 2439
f 2440 2371 2439
f 2438 25 2439
f 2505 2440 2439
f 26 2571 2505
f 2505 25 26
f 26 27 2571
f 2572 2571 2636
f 2571 2506 2505
f 2506 2440 2505
f 2636 2571 27
f 2506 2507 2441
f 2441 2440 2506
f 2573 2508 2507
f 2442 2441 2507
f 2441 2442 2373
f 2506 2573 2507
f 2572 2636 2637
f 2637 2573 2572
f 2573 2637 2638
f 2574 2573 2638
f 2572 2573 2506
f 2637 2703 2638
f 2508 2442 2507
f 2506 2571 2572
f 2440 2441 2372
f 2636 2702 2637
f 2374 2442 2375
f 2307 2376 2308
f 2308 2239 2307
f 2309 2240 2308
f 2308 2376 2309
f 2443 2442 2508
f 2443 2376 2375
f 2376 2443 2444
f 2377 2376 2444
f 2375 2376 2307
f 2443 2510 2444
f 2376 2377 2309
f 2443 2375 2442
f 2377 2378 2310
f 2310 2309 2377
f 2378 2379 2311
f 2311 2310 2378
f 2310 2311 2242
f 2377 2446 2378
f 2445 2512 2446
f 2445 2446 2377
f 2379 2446 2447
f 2447 2380 2379
f 2378 2446 2379
f 2446 2513 2447
f 2311 2379 2312
f 2377 2444 2445
f 2309 2310 2241
f 2444 2511 2445
f 2508 2573 2574
f 2574 2509 2508
f 2574 2575 2509
f 2510 2443 2509
f 2508 2509 2443
f 2576 2510 2509
f 2639 2640 2575
f 2575 2574 2639
f 2640 2641 2576
f 2576 2575 2640
f 2575 2576 2509
f 2639 2705 2640
f 2510 2576 2511
f 2574 2638 2639
f 2577 2576 2641
f 2577 2512 2511
f 2577 2578 2512
f 2513 2446 2512
f 2511 2512 2445
f 2578 2513 2512
f 2641 2707 2642
f 2641 2642 2577
f 2578 2642 2643
f 2579 2578 2643
f 2577 2642 2578
f 2642 2708 2643
f 2578 2579 2513
f 2577 2511 2576
f 2510 2511 2444
f 2640 2706 2641
f 2447 2513 2448
f 2375 2307 2374
f 2306 2307 2238
f 2638 2704 2639
f 2243 2311 2244
f 1968 2040 1969
f 1969 1897 1968
f 1970 1898 1969
f 1969 2040 1970
f 2176 2108 2175
f 2108 2040 2039
f 2040 2108 2109
f 2041 2040 2109
f 2039 2040 1968
f 2108 2177 2109
f 2040 2041 1970
f 2108 2039 2107
f 1971 2043 1972
f 1972 1900 1971
f 1973 2044 1974
f 1974 1902 1973
f 1972 1973 1901
f 1972 2044 1973
f 2109 2110 2041
f 2042 1971 2041
f 2112 2043 2042
f 2044 1972 2043
f 2042 2043 1971
f 2111 2042 2041
f 2044 2113 2045
f 1971 1970 2041
f 1970 1971 1899
f 2113 2044 2043
f 2176 2245 2177
f 2176 2177 2108
f 2177 2178 2110
f 2111 2041 2110
f 2109 2177 2110
f 2178 2111 2110
f 2244 2313 2245
f 2244 2245 2176
f 2178 2245 2246
f 2179 2178 2246
f 2177 2245 2178
f 2245 2314 2246
f 2178 2179 2111
f 2312 2244 2311
f 2179 2180 2112
f 2112 2111 2179
f 2180 2181 2113
f 2113 2112 2180
f 2112 2113 2043
f 2179 2248 2180
f 2247 2316 2248
f 2247 2248 2179
f 2181 2248 2249
f 2182 2181 2249
f 2180 2248 2181
f 2248 2317 2249
f 2181 2114 2113
f 2179 2246 2247
f 2111 2112 2042
f 2246 2315 2247
f 1974 2044 2045
f 2244 2176 2243
f 2046 1975 2045
f 1975 1974 2045
f 1976 1904 1975
f 2047 1976 1975
f 2114 2115 2046
f 2046 2045 2114
f 2116 2047 2115
f 2047 2046 2115
f 2046 2047 1975
f 2114 2183 2115
f 1976 2047 1977
f 2045 2113 2114
f 1977 2049 1978
f 1978 1906 1977
f 1979 2051 1980
f 1980 1908 1979
f 1978 1979 1907
f 1978 2050 1979
f 2117 2048 2047
f 2049 1977 2048
f 2119 2050 2049
f 2051 1979 2050
f 2049 2050 1978
f 2118 2049 2048
f 1980 2051 1981
f 1977 2047 2048
f 1976 1977 1905
f 2120 2051 2050
f 2182 2251 2183
f 2182 2183 2114
f 2183 2184 2116
f 2117 2047 2116
f 2115 2183 2116
f 2184 2117 2116
f 2250 2319 2251
f 2250 2251 2182
f 2184 2251 2252
f 2185 2184 2252
f 2183 2251 2184
f 2251 2320 2252
f 2184 2185 2117
f 2182 2249 2250
f 2186 2118 2185
f 2118 2117 2185
f 2187 2119 2118
f 2120 2050 2119
f 2118 2119 2049
f 2187 2120 2119
f 2253 2254 2186
f 2186 2185 2253
f 2254 2255 2187
f 2187 2186 2254
f 2186 2187 2118
f 2253 2322 2254
f 2187 2255 2188
f 2185 2252 2253
f 2117 2118 2048
f 2252 2321 2253
f 2051 2120 2052
f 2114 2181 2182
f 1974 1975 1903
f 2249 2318 2250
f 2312 2381 2313
f 2312 2313 2244
f 2313 2314 2245
f 2313 2381 2314
f 2514 2448 2513
f 2448 2381 2380
f 2381 2448 2449
f 2382 2381 2449
f 2380 2381 2312
f 2448 2515 2449
f 2381 2382 2314
f 2448 2380 2447
f 2383 2315 2382
f 2315 2314 2382
f 2384 2316 2315
f 2316 2317 2248
f 2247 2315 2316
f 2385 2317 2316
f 2451 2383 2450
f 2383 2382 2450
f 2452 2384 2383
f 2385 2316 2384
f 2383 2384 2315
f 2453 2385 2384
f 2317 2385 2318
f 2382 2449 2450
f 2246 2314 2315
f 2449 2516 2450
f 2514 2581 2515
f 2514 2515 2448
f 2582 2517 2516
f 2516 2449 2515
f 2451 2450 2516
f 2515 2582 2516
f 2643 2644 2579
f 2580 2514 2579
f 2646 2581 2580
f 2582 2515 2581
f 2580 2581 2514
f 2645 2580 2579
f 2516 2517 2451
f 2579 2514 2513
f 2517 2518 2452
f 2452 2451 2517
f 2518 2519 2453
f 2453 2452 2518
f 2452 2453 2384
f 2517 2584 2518
f 2648 2583 2582
f 2583 2584 2517
f 2519 2584 2585
f 2585 2520 2519
f 2518 2584 2519
f 2649 2584 2583
f 2453 2519 2454
f 2517 2582 2583
f 2451 2452 2383
f 2647 2582 2581
f 2385 2453 2386
f 2379 2380 2312
f 2318 2387 2319
f 2318 2319 2250
f 2319 2320 2251
f 2319 2387 2320
f 2386 2453 2454
f 2454 2387 2386
f 2387 2454 2455
f 2388 2387 2455
f 2386 2387 2318
f 2454 2521 2455
f 2387 2388 2320
f 2318 2385 2386
f 2321 2390 2322
f 2321 2322 2253
f 2255 2322 2323
f 2256 2255 2323
f 2320 2321 2252
f 2322 2391 2323
f 2455 2456 2388
f 2389 2321 2388
f 2458 2390 2389
f 2391 2322 2390
f 2389 2390 2321
f 2457 2389 2388
f 2391 2324 2323
f 2321 2320 2388
f 2317 2318 2249
f 2459 2391 2390
f 2520 2587 2521
f 2520 2521 2454
f 2521 2522 2456
f 2457 2388 2456
f 2455 2521 2456
f 2522 2457 2456
f 2651 2586 2585
f 2586 2587 2520
f 2522 2587 2588
f 2523 2522 2588
f 2521 2587 2522
f 2652 2587 2586
f 2522 2523 2457
f 2520 2585 2586
f 2523 2524 2458
f 2458 2457 2523
f 2524 2525 2459
f 2459 2458 2524
f 2458 2459 2390
f 2523 2590 2524
f 2654 2589 2588
f 2589 2590 2523
f 2525 2590 2591
f 2526 2525 2591
f 2524 2590 2525
f 2655 2590 2589
f 2525 2460 2459
f 2523 2588 2589
f 2457 2458 2389
f 2653 2588 2587
f 2459 2392 2391
f 2454 2519 2520
f 2254 2322 2255
f 2650 2585 2584
f 2591 2656 2592
f 2039 1968 2038
f 1967 1968 1896
f 2656 2591 2590
f 2702 2636 28
f 2637 2702 2703
f 2702 2768 2703
f 2636 27 28
f 28 2832 2767
f 28 2767 2702
f 2768 2769 2704
f 2767 2768 2702
f 2703 2768 2704
f 2767 2834 2768
f 2639 2704 2705
f 2705 2771 2706
f 2706 2640 2705
f 2707 2772 2708
f 2708 2642 2707
f 2706 2707 2641
f 2706 2772 2707
f 2769 2836 2770
f 2770 2705 2769
f 2771 2838 2772
f 2772 2706 2771
f 2770 2771 2705
f 2770 2837 2771
f 2708 2772 2773
f 2705 2704 2769
f 2638 2703 2704
f 2768 2835 2769
f 2832 2898 2833
f 2832 2833 2767
f 2834 31 2835
f 2834 2835 2768
f 2767 2833 2834
f 2833 2898 2834
f 29 30 2898
f 29 2898 2832
f 32 2961 2899
f 2899 2835 31
f 2834 2898 31
f 31 2898 30
f 2835 2899 2836
f 2832 28 29
f 2836 2901 2837
f 2836 2837 2770
f 2838 2839 2773
f 2838 2771 2837
f 2835 2836 2769
f 2837 2902 2838
f 2900 2962 2901
f 2900 2901 2836
f 2902 2903 2839
f 2902 2837 2901
f 2839 2838 2902
f 2901 2963 2902
f 2773 2839 2774
f 2836 2899 2900
f 2838 2773 2772
f 2899 2961 2900
f 2708 2773 2709
f 2644 2710 2645
f 2645 2579 2644
f 2646 2580 2645
f 2645 2710 2646
f 2840 2774 2839
f 2774 2710 2709
f 2710 2774 2775
f 2711 2710 2775
f 2709 2710 2644
f 2774 2841 2775
f 2710 2711 2646
f 2774 2709 2773
f 2647 2713 2648
f 2648 2582 2647
f 2649 2714 2650
f 2650 2584 2649
f 2648 2649 2583
f 2648 2714 2649
f 2775 2776 2711
f 2712 2647 2711
f 2778 2713 2712
f 2714 2648 2713
f 2712 2713 2647
f 2777 2712 2711
f 2714 2779 2715
f 2647 2646 2711
f 2646 2647 2581
f 2779 2714 2713
f 2840 2905 2841
f 2840 2841 2774
f 2776 2841 2842
f 2842 2777 2776
f 2775 2841 2776
f 2841 2906 2842
f 2903 2965 2904
f 2904 2840 2903
f 2905 2967 2906
f 2906 2841 2905
f 2904 2905 2840
f 2904 2966 2905
f 2842 2906 2843
f 2903 2840 2839
f 2777 2842 2843
f 2843 2778 2777
f 2843 2844 2778
f 2779 2713 2778
f 2777 2778 2712
f 2845 2779 2778
f 2907 2908 2844
f 2844 2843 2907
f 2908 2909 2845
f 2845 2844 2908
f 2844 2845 2778
f 2907 2969 2908
f 2845 2780 2779
f 2843 2906 2907
f 2776 2777 2711
f 2906 2968 2907
f 2845 2909 2846
f 2709 2644 2708
f 2644 2643 2708
f 2902 2964 2903
f 31 32 2899
f 2900 2961 2962
f 2961 32 2962
f 32 33 2962
f 2963 33 3022
f 3022 2964 2963
f 2962 33 2963
f 2902 2963 2964
f 3022 33 34
f 2964 3024 2965
f 2965 2903 2964
f 2966 3026 2967
f 2967 2905 2966
f 2965 2966 2904
f 2965 3025 2966
f 3023 3083 3024
f 3024 2964 3023
f 3025 3085 3026
f 3026 2966 3025
f 3024 3025 2965
f 3024 3084 3025
f 2967 3026 2968
f 2964 3022 3023
f 2901 2962 2963
f 3022 3082 3023
f 35 3081 34
f 3081 3022 34
f 35 3082 3081
f 3083 3023 3082
f 3081 3082 3022
f 35 3083 3082
f 36 3195 35
f 3139 35 3195
f 3195 3140 3139
f 35 3139 3083
f 36 3251 3195
f 3083 3139 3084
f 3084 3139 3140
f 3140 3085 3084
f 3085 3140 3141
f 3141 3086 3085
f 3084 3085 3025
f 3140 3197 3141
f 3196 3195 3251
f 3251 3197 3196
f 3197 3251 3252
f 3252 3198 3197
f 3196 3197 3140
f 3251 37 3252
f 3141 3197 3142
f 3140 3195 3196
f 3083 3084 3024
f 3251 36 37
f 3026 3085 3027
f 2968 3027 2969
f 2968 2969 2907
f 3027 3028 2969
f 3086 3027 3085
f 3198 3142 3197
f 3087 3086 3142
f 3028 3086 3087
f 3142 3198 3143
f 3086 3028 3027
f 3253 3198 3252
f 2969 3028 2970
f 3142 3086 3141
f 2970 3028 3029
f 2970 2909 2969
f 3029 3028 3087
f 2971 2970 3029
f 2970 2910 2909
f 3087 3088 3029
f 3143 3198 3199
f 3199 3144 3143
f 3088 3143 3144
f 3089 3088 3144
f 3143 3088 3087
f 3199 3200 3144
f 3088 3030 3029
f 3087 3142 3143
f 2967 2968 2906
f 3198 3254 3199
f 37 3306 3253
f 37 3253 3252
f 3306 3307 3254
f 3254 3253 3306
f 3198 3253 3254
f 37 38 3306
f 38 39 3358
f 38 3358 3306
f 3359 3307 3358
f 3358 39 3410
f 3306 3358 3307
f 3254 3307 3255
f 3255 3307 3308
f 3255 3200 3254
f 3308 3307 3359
f 3256 3255 3308
f 3255 3201 3200
f 3359 3360 3308
f 3410 3411 3360
f 3360 3359 3410
f 3411 3410 3461
f 3412 3411 3461
f 3411 3361 3360
f 3410 39 3461
f 3360 3309 3308
f 3359 3358 3410
f 3199 3254 3200
f 3461 39 40
f 3200 3145 3144
f 3027 2968 3026
f 2908 2969 2909
f 2714 2715 2650
f 2715 2716 2651
f 2651 2650 2715
f 2716 2652 2651
f 2715 2781 2716
f 2780 2845 2846
f 2846 2781 2780
f 2781 2846 2847
f 2847 2782 2781
f 2780 2781 2715
f 2846 2911 2847
f 2716 2781 2717
f 2715 2779 2780
f 2652 2716 2717
f 2717 2653 2652
f 2653 2717 2718
f 2718 2654 2653
f 2652 2653 2587
f 2717 2783 2718
f 2782 2847 2848
f 2848 2783 2782
f 2783 2848 2849
f 2849 2784 2783
f 2782 2783 2717
f 2848 2913 2849
f 2718 2783 2719
f 2717 2781 2782
f 2651 2652 2586
f 2847 2912 2848
f 2910 2970 2971
f 2971 2911 2910
f 2911 2971 2972
f 2972 2912 2911
f 2910 2911 2846
f 2971 3031 2972
f 3030 3088 3089
f 3089 3031 3030
f 3090 3031 3089
f 3089 3145 3090
f 3030 3031 2971
f 3089 3144 3145
f 2972 3031 2973
f 2971 3029 3030
f 3032 2973 3031
f 2973 2913 2912
f 3091 3033 3032
f 2973 3032 2974
f 2912 2913 2848
f 3032 3031 3090
f 3090 3145 3146
f 3146 3091 3090
f 3091 3146 3147
f 3092 3091 3147
f 3090 3091 3032
f 3146 3203 3147
f 2913 2973 2974
f 2973 2912 2972
f 2911 2912 2847
f 3145 3202 3146
f 2849 2913 2850
f 2846 2909 2910
f 2654 2719 2655
f 2655 2589 2654
f 2719 2720 2655
f 2784 2719 2783
f 2914 2850 2913
f 2785 2784 2850
f 2720 2784 2785
f 2850 2914 2851
f 2784 2720 2719
f 2914 2913 2974
f 2655 2720 2656
f 2850 2784 2849
f 2720 2785 2721
f 2721 2656 2720
f 2721 2785 2786
f 2786 2722 2721
f 2656 2721 2657
f 2785 2852 2786
f 2851 2914 2915
f 2915 2852 2851
f 2852 2915 2916
f 2916 2853 2852
f 2851 2852 2785
f 2915 2977 2916
f 2786 2852 2787
f 2785 2850 2851
f 2655 2656 2590
f 2914 2976 2915
f 2974 3032 3033
f 3033 2975 2974
f 2975 3033 3034
f 3034 2976 2975
f 2974 2975 2914
f 3033 3093 3034
f 3092 3147 3148
f 3148 3093 3092
f 3093 3148 3149
f 3149 3094 3093
f 3092 3093 3033
f 3148 3205 3149
f 3034 3093 3035
f 3033 3091 3092
f 2976 3034 3035
f 3035 2977 2976
f 2977 3035 3036
f 3036 2978 2977
f 2976 2977 2915
f 3035 3095 3036
f 3094 3149 3150
f 3150 3095 3094
f 3095 3150 3151
f 3152 3151 3207
f 3094 3095 3035
f 3150 3207 3151
f 3036 3095 3037
f 3035 3093 3094
f 2975 2976 2914
f 3149 3206 3150
f 2916 2977 2917
f 2719 2654 2718
f 2653 2654 2588
f 3147 3204 3148
f 3201 3256 3202
f 3202 3145 3201
f 3256 3257 3202
f 3201 3255 3256
f 3309 3360 3361
f 3361 3310 3309
f 3257 3309 3310
f 3310 3258 3257
f 3309 3257 3256
f 3361 3362 3310
f 3202 3257 3203
f 3256 3308 3309
f 3311 3258 3310
f 3258 3204 3203
f 3204 3258 3259
f 3259 3205 3204
f 3203 3204 3147
f 3258 3312 3259
f 3362 3363 3311
f 3362 3311 3310
f 3363 3364 3312
f 3312 3311 3363
f 3311 3312 3258
f 3362 3414 3363
f 3259 3312 3260
f 3258 3203 3257
f 3202 3203 3146
f 3361 3413 3362
f 3412 3461 3462
f 3462 3413 3412
f 3462 3463 3413
f 3413 3414 3362
f 3361 3412 3413
f 3463 3414 3413
f 40 3510 3463
f 3463 3462 40
f 3510 40 41
f 3464 3463 3510
f 3510 41 3511
f 3464 3414 3463
f 3462 3461 40
f 3414 3464 3415
f 3415 3364 3414
f 3415 3464 3465
f 3465 3416 3415
f 3364 3415 3365
f 3464 3512 3465
f 3511 41 42
f 42 3512 3511
f 3512 42 3557
f 3557 3513 3512
f 3511 3512 3464
f 3602 3557 43
f 3465 3512 3466
f 3464 3510 3511
f 3364 3363 3414
f 43 3557 42
f 3312 3364 3313
f 3361 3411 3412
f 3205 3260 3206
f 3206 3149 3205
f 3260 3261 3206
f 3205 3259 3260
f 3313 3364 3365
f 3314 3313 3365
f 3261 3313 3314
f 3365 3416 3366
f 3313 3261 3260
f 3365 3415 3416
f 3206 3261 3207
f 3260 3312 3313
f 3261 3314 3262
f 3262 3207 3261
f 3262 3314 3315
f 3316 3315 3367
f 3315 3263 3262
f 3314 3367 3315
f 3366 3416 3417
f 3417 3367 3366
f 3367 3417 3418
f 3419 3418 3468
f 3366 3367 3314
f 3417 3468 3418
f 3418 3368 3367
f 3314 3365 3366
f 3206 3207 3150
f 3416 3467 3417
f 3466 3512 3513
f 3513 3467 3466
f 3467 3513 3514
f 3514 3468 3467
f 3466 3467 3416
f 3513 3559 3514
f 3558 3557 3602
f 3602 3559 3558
f 3603 3559 3602
f 3602 43 3645
f 3558 3559 3513
f 3514 3559 3515
f 3513 3557 3558
f 3515 3559 3560
f 3515 3468 3514
f 3560 3559 3603
f 3561 3560 3604
f 3560 3516 3515
f 3603 3604 3560
f 3645 3646 3604
f 3604 3603 3645
f 44 3646 43
f 3647 3646 44
f 3605 3604 3646
f 3646 3645 43
f 3469 3468 3515
f 3603 3602 3645
f 3467 3468 3417
f 3208 3207 3262
f 3416 3465 3466
f 3204 3205 3148
f 3151 3096 3095
f 3145 3200 3201
f 2650 2651 2585
f 2120 2187 2188
f 1981 2052 1982
f 1982 1910 1981
f 2121 2053 2052
f 2121 2052 2120
f 2188 2255 2256
f 2256 2189 2188
f 2121 2188 2189
f 2122 2121 2189
f 2120 2188 2121
f 2257 2189 2256
f 2053 1982 2052
f 2052 1981 2051
f 2053 2054 1983
f 1983 1982 2053
f 2123 2055 2054
f 1984 1983 2054
f 1983 1984 1912
f 2053 2123 2054
f 2122 2189 2190
f 2190 2123 2122
f 2123 2190 2191
f 2124 2123 2191
f 2122 2123 2053
f 2258 2190 2189
f 2191 2259 2192
f 2053 2121 2122
f 1982 1983 1911
f 2259 2191 2190
f 2324 2391 2392
f 2392 2325 2324
f 2257 2324 2325
f 2325 2258 2257
f 2324 2257 2256
f 2392 2393 2325
f 2460 2525 2526
f 2526 2461 2460
f 2393 2460 2461
f 2461 2394 2393
f 2460 2393 2392
f 2527 2461 2526
f 2325 2393 2326
f 2392 2459 2460
f 2258 2325 2326
f 2326 2259 2258
f 2259 2326 2327
f 2260 2259 2327
f 2258 2259 2190
f 2326 2395 2327
f 2394 2461 2462
f 2462 2395 2394
f 2395 2462 2463
f 2396 2395 2463
f 2394 2395 2326
f 2528 2462 2461
f 2395 2328 2327
f 2326 2393 2394
f 2257 2258 2189
f 2463 2462 2529
f 1984 2054 2055
f 2256 2323 2324
f 2055 2056 1985
f 1985 1984 2055
f 2056 1986 1985
f 2055 2125 2056
f 2124 2191 2192
f 2192 2125 2124
f 2125 2192 2193
f 2193 2126 2125
f 2124 2125 2055
f 2192 2261 2193
f 2056 2125 2057
f 2055 2123 2124
f 1986 2056 2057
f 2057 1987 1986
f 1987 2057 2058
f 2058 1988 1987
f 1986 1987 1915
f 2057 2127 2058
f 2126 2193 2194
f 2194 2127 2126
f 2127 2194 2195
f 2195 2128 2127
f 2126 2127 2057
f 2194 2263 2195
f 2058 2127 2059
f 2057 2125 2126
f 1985 1986 1914
f 2193 2262 2194
f 2260 2327 2328
f 2328 2261 2260
f 2261 2328 2329
f 2329 2262 2261
f 2260 2261 2192
f 2328 2397 2329
f 2396 2463 2464
f 2464 2397 2396
f 2397 2464 2465
f 2465 2398 2397
f 2396 2397 2328
f 2530 2464 2463
f 2329 2397 2330
f 2328 2395 2396
f 2262 2329 2330
f 2330 2263 2262
f 2263 2330 2331
f 2331 2264 2263
f 2262 2263 2194
f 2330 2399 2331
f 2398 2465 2466
f 2466 2399 2398
f 2399 2466 2467
f 2467 2400 2399
f 2398 2399 2330
f 2532 2466 2465
f 2331 2399 2332
f 2330 2397 2398
f 2261 2262 2193
f 2531 2465 2464
f 2195 2263 2196
f 2192 2259 2260
f 1984 1985 1913
f 2532 2467 2466
f 2592 2593 2527
f 2527 2526 2592
f 2593 2528 2527
f 2592 2658 2593
f 2657 2721 2722
f 2722 2658 2657
f 2658 2722 2723
f 2723 2659 2658
f 2657 2658 2592
f 2722 2788 2723
f 2593 2658 2594
f 2592 2656 2657
f 2528 2593 2594
f 2594 2529 2528
f 2529 2594 2595
f 2595 2530 2529
f 2528 2529 2462
f 2594 2660 2595
f 2659 2723 2724
f 2724 2660 2659
f 2660 2724 2725
f 2725 2661 2660
f 2659 2660 2594
f 2724 2790 2725
f 2595 2660 2596
f 2594 2658 2659
f 2527 2528 2461
f 2723 2789 2724
f 2787 2852 2853
f 2853 2788 2787
f 2788 2853 2854
f 2854 2789 2788
f 2787 2788 2722
f 2853 2918 2854
f 2917 2977 2978
f 2978 2918 2917
f 2979 2918 2978
f 2978 3037 2979
f 2917 2918 2853
f 2978 3036 3037
f 2854 2918 2855
f 2853 2916 2917
f 2919 2855 2918
f 2855 2790 2789
f 2980 2920 2919
f 2855 2919 2856
f 2789 2790 2724
f 2919 2918 2979
f 2979 3037 3038
f 3038 2980 2979
f 2980 3038 3039
f 2981 2980 3039
f 2979 2980 2919
f 3038 3098 3039
f 2790 2855 2856
f 2855 2789 2854
f 2788 2789 2723
f 3037 3097 3038
f 2725 2790 2726
f 2722 2786 2787
f 2530 2596 2531
f 2531 2464 2530
f 2596 2597 2531
f 2661 2596 2660
f 2791 2726 2790
f 2662 2661 2726
f 2597 2661 2662
f 2726 2791 2727
f 2661 2597 2596
f 2791 2790 2856
f 2531 2597 2532
f 2726 2661 2725
f 2597 2662 2598
f 2598 2532 2597
f 2598 2662 2663
f 2599 2598 2663
f 2598 2533 2532
f 2662 2728 2663
f 2727 2791 2792
f 2792 2728 2727
f 2728 2792 2793
f 2729 2728 2793
f 2727 2728 2662
f 2792 2859 2793
f 2728 2664 2663
f 2662 2726 2727
f 2531 2532 2465
f 2791 2858 2792
f 2856 2919 2920
f 2920 2857 2856
f 2857 2920 2921
f 2921 2858 2857
f 2856 2857 2791
f 2920 2982 2921
f 2981 3039 3040
f 3040 2982 2981
f 2982 3040 3041
f 3041 2983 2982
f 2981 2982 2920
f 3040 3100 3041
f 2921 2982 2922
f 2920 2980 2981
f 2858 2921 2922
f 2922 2859 2858
f 2859 2922 2923
f 2860 2859 2923
f 2858 2859 2792
f 2922 2984 2923
f 2983 3041 3042
f 3042 2984 2983
f 2984 3042 3043
f 2985 2984 3043
f 2983 2984 2922
f 3042 3102 3043
f 2984 2924 2923
f 2922 2982 2983
f 2857 2858 2791
f 3041 3101 3042
f 2859 2794 2793
f 2596 2530 2595
f 2529 2530 2463
f 3039 3099 3040
f 2533 2467 2532
f 2526 2591 2592
f 1988 2059 1989
f 1989 1917 1988
f 2059 2060 1989
f 2128 2059 2127
f 2264 2196 2263
f 2196 2129 2128
f 2060 2128 2129
f 2129 2061 2060
f 2128 2060 2059
f 2196 2197 2129
f 1989 2060 1990
f 2196 2128 2195
f 2130 2061 2129
f 2061 1991 1990
f 1991 2061 2062
f 2062 1992 1991
f 1990 1991 1919
f 2061 2131 2062
f 2197 2198 2130
f 2197 2130 2129
f 2266 2199 2198
f 2131 2130 2198
f 2130 2131 2061
f 2197 2266 2198
f 2062 2131 2063
f 2061 1990 2060
f 1989 1990 1918
f 2196 2265 2197
f 2400 2332 2399
f 2332 2265 2264
f 2265 2332 2333
f 2333 2266 2265
f 2264 2265 2196
f 2332 2400 2333
f 2467 2533 2468
f 2467 2468 2400
f 2468 2533 2534
f 2469 2468 2534
f 2468 2401 2400
f 2533 2600 2534
f 2401 2333 2400
f 2331 2332 2264
f 2333 2401 2334
f 2334 2266 2333
f 2334 2401 2402
f 2335 2334 2402
f 2334 2267 2266
f 2401 2470 2402
f 2469 2534 2535
f 2535 2470 2469
f 2470 2535 2536
f 2471 2470 2536
f 2469 2470 2401
f 2535 2602 2536
f 2470 2403 2402
f 2401 2468 2469
f 2265 2266 2197
f 2534 2601 2535
f 2199 2131 2198
f 2059 1988 2058
f 2132 2063 2131
f 2063 1993 1992
f 2132 2064 2063
f 2132 2131 2199
f 2199 2266 2267
f 2267 2200 2199
f 2200 2267 2268
f 2268 2201 2200
f 2199 2200 2132
f 2267 2336 2268
f 2132 2200 2133
f 2063 1992 2062
f 1993 2063 2064
f 2064 1994 1993
f 1994 2064 2065
f 2065 1995 1994
f 1993 1994 1922
f 2064 2134 2065
f 2133 2200 2201
f 2201 2134 2133
f 2134 2201 2202
f 2202 2135 2134
f 2133 2134 2064
f 2268 2269 2201
f 2065 2134 2066
f 2064 2132 2133
f 1992 1993 1921
f 2270 2202 2201
f 2335 2402 2403
f 2403 2336 2335
f 2336 2403 2404
f 2404 2337 2336
f 2267 2335 2336
f 2403 2472 2404
f 2471 2536 2537
f 2537 2472 2471
f 2472 2537 2538
f 2538 2473 2472
f 2471 2472 2403
f 2537 2604 2538
f 2404 2472 2405
f 2403 2470 2471
f 2269 2336 2337
f 2337 2270 2269
f 2270 2337 2338
f 2338 2271 2270
f 2269 2270 2201
f 2337 2406 2338
f 2405 2472 2473
f 2473 2406 2405
f 2406 2473 2474
f 2474 2407 2406
f 2405 2406 2337
f 2538 2539 2473
f 2338 2406 2339
f 2337 2404 2405
f 2268 2336 2269
f 2540 2474 2473
f 2202 2270 2203
f 2267 2334 2335
f 1991 1992 1920
f 2536 2603 2537
f 2599 2664 2600
f 2599 2600 2533
f 2664 2665 2600
f 2599 2663 2664
f 2729 2793 2794
f 2794 2730 2729
f 2665 2729 2730
f 2730 2666 2665
f 2729 2665 2664
f 2794 2795 2730
f 2600 2665 2601
f 2664 2728 2729
f 2731 2666 2730
f 2666 2602 2601
f 2602 2666 2667
f 2667 2603 2602
f 2535 2601 2602
f 2666 2732 2667
f 2795 2796 2731
f 2795 2731 2730
f 2796 2797 2732
f 2732 2731 2796
f 2731 2732 2666
f 2795 2862 2796
f 2667 2732 2668
f 2666 2601 2665
f 2534 2600 2601
f 2794 2861 2795
f 2860 2923 2924
f 2924 2861 2860
f 2861 2924 2925
f 2925 2862 2861
f 2794 2860 2861
f 2924 2986 2925
f 2985 3043 3044
f 3044 2986 2985
f 2986 3044 3045
f 3045 2987 2986
f 2985 2986 2924
f 3044 3104 3045
f 2925 2986 2926
f 2924 2984 2985
f 2862 2925 2926
f 2926 2863 2862
f 2797 2862 2863
f 2863 2798 2797
f 2861 2862 2795
f 2926 2927 2863
f 2987 3045 3046
f 3046 2988 2987
f 2927 2987 2988
f 2988 2928 2927
f 2987 2927 2926
f 3046 3047 2988
f 2863 2927 2864
f 2926 2986 2987
f 2797 2796 2862
f 3045 3105 3046
f 2732 2797 2733
f 2794 2859 2860
f 2603 2668 2604
f 2603 2604 2537
f 2668 2669 2604
f 2733 2668 2732
f 2864 2798 2863
f 2798 2734 2733
f 2669 2733 2734
f 2734 2670 2669
f 2733 2669 2668
f 2799 2734 2798
f 2604 2669 2605
f 2798 2733 2797
f 2539 2604 2605
f 2605 2540 2539
f 2540 2605 2606
f 2606 2541 2540
f 2539 2540 2473
f 2605 2671 2606
f 2670 2734 2735
f 2735 2671 2670
f 2671 2735 2736
f 2736 2672 2671
f 2670 2671 2605
f 2800 2735 2734
f 2606 2671 2607
f 2605 2669 2670
f 2602 2603 2536
f 2801 2736 2735
f 2989 2928 2988
f 2928 2865 2864
f 2799 2864 2865
f 2865 2800 2799
f 2864 2799 2798
f 2928 2929 2865
f 3048 2989 3047
f 3047 2989 2988
f 2929 2989 2990
f 2990 2930 2929
f 2989 2929 2928
f 2990 2989 3049
f 2865 2929 2866
f 2927 2928 2864
f 2800 2865 2866
f 2866 2801 2800
f 2801 2866 2867
f 2867 2802 2801
f 2800 2801 2735
f 2866 2931 2867
f 2930 2990 2991
f 2991 2931 2930
f 2931 2991 2992
f 2992 2932 2931
f 2930 2931 2866
f 3050 2991 2990
f 2867 2931 2868
f 2866 2929 2930
f 2799 2800 2734
f 3051 2992 2991
f 2736 2801 2737
f 2668 2603 2667
f 2539 2538 2604
f 3046 3106 3047
f 2474 2540 2475
f 2533 2598 2599
f 1987 1988 1916
f 3043 3103 3044
f 3096 3153 3097
f 3096 3097 3037
f 3097 3098 3038
f 3097 3153 3098
f 3152 3207 3208
f 3208 3153 3152
f 3153 3208 3209
f 3154 3153 3209
f 3152 3153 3096
f 3208 3264 3209
f 3153 3154 3098
f 3096 3151 3152
f 3154 3155 3099
f 3099 3098 3154
f 3155 3156 3100
f 3100 3099 3155
f 3040 3099 3100
f 3154 3211 3155
f 3210 3266 3211
f 3210 3211 3154
f 3156 3211 3212
f 3212 3157 3156
f 3155 3211 3156
f 3211 3266 3212
f 3100 3156 3101
f 3154 3209 3210
f 3039 3098 3099
f 3209 3265 3210
f 3263 3315 3316
f 3316 3264 3263
f 3264 3316 3317
f 3317 3265 3264
f 3263 3264 3208
f 3316 3369 3317
f 3368 3418 3419
f 3419 3369 3368
f 3369 3419 3420
f 3420 3370 3369
f 3368 3369 3316
f 3419 3470 3420
f 3317 3369 3318
f 3316 3367 3368
f 3265 3317 3318
f 3318 3266 3265
f 3266 3318 3319
f 3267 3266 3319
f 3265 3266 3210
f 3318 3371 3319
f 3370 3420 3421
f 3421 3371 3370
f 3371 3421 3422
f 3372 3371 3422
f 3370 3371 3318
f 3421 3472 3422
f 3371 3320 3319
f 3318 3369 3370
f 3264 3265 3209
f 3420 3471 3421
f 3212 3266 3267
f 3208 3262 3263
f 3101 3157 3102
f 3101 3102 3042
f 3157 3158 3102
f 3213 3157 3212
f 3267 3268 3213
f 3267 3213 3212
f 3214 3158 3213
f 3213 3268 3214
f 3213 3158 3157
f 3267 3321 3268
f 3102 3158 3103
f 3157 3101 3156
f 3159 3158 3214
f 3159 3104 3103
f 3104 3159 3160
f 3160 3105 3104
f 3044 3103 3104
f 3159 3216 3160
f 3214 3268 3269
f 3269 3215 3214
f 3269 3270 3215
f 3216 3159 3215
f 3214 3215 3159
f 3271 3216 3215
f 3160 3216 3161
f 3159 3103 3158
f 3043 3102 3103
f 3268 3322 3269
f 3320 3371 3372
f 3372 3321 3320
f 3372 3373 3321
f 3321 3322 3268
f 3267 3320 3321
f 3374 3322 3321
f 3423 3424 3373
f 3373 3372 3423
f 3424 3425 3374
f 3374 3373 3424
f 3373 3374 3321
f 3423 3474 3424
f 3322 3374 3323
f 3372 3422 3423
f 3375 3323 3374
f 3323 3271 3270
f 3271 3323 3324
f 3324 3272 3271
f 3270 3271 3215
f 3323 3376 3324
f 3425 3426 3375
f 3425 3375 3374
f 3426 3427 3376
f 3376 3375 3426
f 3375 3376 3323
f 3425 3476 3426
f 3324 3376 3325
f 3323 3270 3322
f 3270 3269 3322
f 3424 3475 3425
f 3216 3271 3217
f 3267 3319 3320
f 3041 3100 3101
f 3422 3473 3423
f 3469 3517 3470
f 3469 3470 3419
f 3470 3471 3420
f 3470 3517 3471
f 3516 3560 3561
f 3561 3517 3516
f 3517 3561 3562
f 3518 3517 3562
f 3516 3517 3469
f 3561 3606 3562
f 3517 3518 3471
f 3469 3515 3516
f 3518 3519 3472
f 3472 3471 3518
f 3519 3520 3473
f 3473 3472 3519
f 3422 3472 3473
f 3518 3564 3519
f 3563 3608 3564
f 3563 3564 3518
f 3520 3564 3565
f 3565 3521 3520
f 3519 3564 3520
f 3564 3609 3565
f 3473 3520 3474
f 3518 3562 3563
f 3421 3471 3472
f 3562 3607 3563
f 46 3606 3605
f 3606 3561 3605
f 3607 3606 47
f 48 3648 47
f 3606 3607 3562
f 46 47 3606
f 3647 44 45
f 45 46 3647
f 3647 46 3605
f 47 3608 3607
f 3605 3646 3647
f 3608 47 3648
f 3648 3609 3608
f 3609 3648 3649
f 3649 3610 3609
f 3608 3609 3564
f 3648 3686 3649
f 48 49 3685
f 49 50 3721
f 3686 3685 49
f 3685 3686 3648
f 3687 3686 49
f 3649 3686 3650
f 3648 48 3685
f 3607 3608 3563
f 3565 3609 3566
f 3561 3604 3605
f 3474 3521 3475
f 3474 3475 3424
f 3521 3522 3475
f 3566 3521 3565
f 3650 3610 3649
f 3610 3567 3566
f 3522 3566 3567
f 3567 3523 3522
f 3566 3522 3521
f 3610 3611 3567
f 3475 3522 3476
f 3610 3566 3609
f 3568 3523 3567
f 3523 3477 3476
f 3427 3476 3477
f 3477 3428 3427
f 3475 3476 3425
f 3523 3524 3477
f 3611 3612 3568
f 3611 3568 3567
f 3652 3613 3612
f 3568 3612 3569
f 3568 3524 3523
f 3611 3652 3612
f 3477 3524 3478
f 3523 3476 3522
f 3473 3474 3423
f 3610 3651 3611
f 3722 3687 49
f 3687 3651 3650
f 3651 3687 3688
f 3688 3652 3651
f 3650 3651 3610
f 3687 3722 3688
f 3721 50 3756
f 3756 3722 3721
f 3722 3756 3757
f 3723 3722 3757
f 49 3721 3722
f 51 3757 50
f 3722 3723 3688
f 3686 3687 3650
f 3688 3723 3689
f 3689 3652 3688
f 3689 3723 3724
f 3725 3724 3759
f 3652 3689 3653
f 3723 3759 3724
f 3758 51 3759
f 3759 3723 3758
f 3820 51 52
f 3760 3759 51
f 51 3758 3757
f 3724 3690 3689
f 3723 3757 3758
f 3651 3652 3611
f 3757 3756 50
f 3568 3569 3524
f 3521 3474 3520
f 3426 3476 3427
f 3376 3427 3377
f 3419 3468 3469
f 3105 3161 3106
f 3105 3106 3046
f 3161 3162 3106
f 3217 3161 3216
f 3325 3272 3324
f 3218 3217 3272
f 3162 3217 3218
f 3272 3325 3273
f 3217 3162 3161
f 3377 3325 3376
f 3106 3162 3107
f 3272 3217 3271
f 3107 3162 3163
f 3107 3048 3106
f 3163 3162 3218
f 3163 3108 3107
f 3048 3107 3049
f 3218 3219 3163
f 3273 3325 3326
f 3326 3274 3273
f 3219 3273 3274
f 3274 3220 3219
f 3273 3219 3218
f 3326 3327 3274
f 3163 3219 3164
f 3218 3272 3273
f 3104 3105 3045
f 3325 3378 3326
f 3478 3428 3477
f 3428 3378 3377
f 3378 3428 3429
f 3429 3379 3378
f 3325 3377 3378
f 3428 3478 3429
f 3524 3569 3525
f 3524 3525 3478
f 3525 3569 3570
f 3526 3525 3570
f 3525 3479 3478
f 3569 3614 3570
f 3479 3429 3478
f 3427 3428 3377
f 3379 3429 3430
f 3379 3327 3378
f 3430 3429 3479
f 3430 3380 3379
f 3327 3379 3328
f 3479 3480 3430
f 3526 3570 3571
f 3571 3527 3526
f 3480 3526 3527
f 3527 3481 3480
f 3526 3480 3479
f 3571 3572 3527
f 3430 3480 3431
f 3479 3525 3526
f 3326 3378 3327
f 3570 3615 3571
f 3274 3327 3275
f 3161 3105 3160
f 3049 3108 3050
f 3050 2990 3049
f 3108 3109 3050
f 3164 3108 3163
f 3275 3220 3274
f 3165 3164 3220
f 3109 3164 3165
f 3220 3275 3221
f 3164 3109 3108
f 3328 3275 3327
f 3050 3109 3051
f 3220 3164 3219
f 3109 3165 3110
f 3110 3051 3109
f 3110 3165 3166
f 3166 3111 3110
f 3051 3110 3052
f 3165 3222 3166
f 3221 3275 3276
f 3276 3222 3221
f 3222 3276 3277
f 3277 3223 3222
f 3221 3222 3165
f 3276 3330 3277
f 3166 3222 3167
f 3165 3220 3221
f 3050 3051 2991
f 3275 3329 3276
f 3431 3380 3430
f 3380 3329 3328
f 3329 3380 3381
f 3381 3330 3329
f 3328 3329 3275
f 3380 3431 3381
f 3481 3527 3528
f 3480 3481 3431
f 3528 3527 3572
f 3482 3481 3528
f 3481 3432 3431
f 3573 3528 3572
f 3432 3381 3431
f 3379 3380 3328
f 3381 3432 3382
f 3382 3330 3381
f 3382 3432 3433
f 3433 3383 3382
f 3330 3382 3331
f 3432 3483 3433
f 3482 3528 3529
f 3529 3483 3482
f 3483 3529 3530
f 3530 3484 3483
f 3482 3483 3432
f 3574 3529 3528
f 3433 3483 3434
f 3432 3481 3482
f 3329 3330 3276
f 3575 3530 3529
f 3277 3330 3278
f 3108 3049 3107
f 3048 3049 2989
f 3571 3616 3572
f 3613 3653 3614
f 3613 3614 3569
f 3653 3654 3614
f 3613 3652 3653
f 3690 3724 3725
f 3725 3691 3690
f 3654 3690 3691
f 3691 3655 3654
f 3690 3654 3653
f 3725 3726 3691
f 3614 3654 3615
f 3653 3689 3690
f 3692 3655 3691
f 3655 3616 3615
f 3616 3655 3656
f 3656 3617 3616
f 3571 3615 3616
f 3655 3693 3656
f 3726 3727 3692
f 3726 3692 3691
f 3727 3728 3693
f 3693 3692 3727
f 3692 3693 3655
f 3726 3762 3727
f 3656 3693 3657
f 3655 3615 3654
f 3570 3614 3615
f 3725 3761 3726
f 3760 51 3790
f 3790 3761 3760
f 3790 3791 3761
f 3761 3762 3726
f 3725 3760 3761
f 3792 3762 3761
f 3820 3821 3791
f 3791 3790 3820
f 3821 3822 3792
f 3792 3791 3821
f 3791 3792 3761
f 53 3821 52
f 3762 3792 3763
f 3790 51 3820
f 3763 3792 3793
f 3763 3728 3762
f 3793 3792 3822
f 3793 3764 3763
f 3728 3763 3729
f 3822 3823 3793
f 3823 53 54
f 56 57 3917
f 53 3823 3822
f 3793 3823 3794
f 53 3822 3821
f 3728 3727 3762
f 3821 3820 52
f 3693 3728 3694
f 3725 3759 3760
f 3573 3617 3574
f 3574 3528 3573
f 3617 3618 3574
f 3657 3617 3656
f 3729 3694 3728
f 3658 3657 3694
f 3618 3657 3658
f 3694 3729 3695
f 3657 3618 3617
f 3764 3729 3763
f 3574 3618 3575
f 3694 3657 3693
f 3618 3658 3619
f 3619 3575 3618
f 3619 3658 3659
f 3659 3620 3619
f 3575 3619 3576
f 3658 3696 3659
f 3695 3729 3730
f 3730 3696 3695
f 3696 3730 3731
f 3731 3697 3696
f 3695 3696 3658
f 3730 3766 3731
f 3659 3696 3660
f 3658 3694 3695
f 3574 3575 3529
f 3729 3765 3730
f 3824 3794 3823
f 3794 3765 3764
f 3825 3824 54
f 3794 3824 3795
f 3764 3765 3729
f 3824 3823 54
f 3850 54 3849
f 3917 3897 55
f 3917 55 56
f 55 3874 3849
f 55 3849 54
f 3765 3794 3795
f 3793 3794 3764
f 3795 3824 3825
f 3825 3796 3795
f 3766 3795 3796
f 3796 3767 3766
f 3795 3766 3765
f 3825 3826 3796
f 3850 3849 3874
f 3851 3850 3874
f 3826 3850 3851
f 3874 3897 3875
f 3850 3826 3825
f 3874 55 3897
f 3796 3826 3797
f 3825 54 3850
f 3765 3766 3730
f 3917 57 58
f 3731 3766 3732
f 3617 3573 3616
f 3616 3573 3572
f 3897 3917 58
f 3530 3575 3531
f 3569 3612 3613
f 3047 3106 3048
f 2992 3051 2993
f 3037 3095 3096
f 1980 1981 1909
f 1923 1994 1924
f 112 135 113
f 113 95 112
f 135 136 113
f 160 135 159
f 225 191 224
f 191 161 160
f 136 160 161
f 161 137 136
f 160 136 135
f 191 192 161
f 113 136 114
f 191 160 190
f 162 137 161
f 137 115 114
f 95 114 115
f 115 96 95
f 114 95 113
f 137 138 115
f 193 162 192
f 192 162 161
f 138 162 163
f 163 139 138
f 162 138 137
f 194 163 162
f 115 138 116
f 137 114 136
f 111 112 95
f 191 226 192
f 305 263 304
f 263 226 225
f 226 263 264
f 264 227 226
f 191 225 226
f 263 306 264
f 397 350 396
f 350 306 305
f 351 306 350
f 350 397 351
f 305 306 263
f 447 397 446
f 264 306 265
f 350 305 349
f 265 227 264
f 227 194 193
f 194 227 228
f 228 195 194
f 193 194 162
f 227 265 228
f 306 351 307
f 306 307 265
f 307 351 352
f 308 307 352
f 307 266 265
f 397 398 351
f 266 228 265
f 227 193 226
f 192 226 193
f 352 351 399
f 163 194 164
f 263 225 262
f 96 116 97
f 95 96 5
f 116 117 97
f 139 116 138
f 195 164 194
f 140 139 164
f 117 139 140
f 164 195 165
f 139 117 116
f 229 195 228
f 97 117 98
f 164 139 163
f 117 140 118
f 118 98 117
f 141 119 118
f 99 98 118
f 98 99 86
f 140 141 118
f 165 195 196
f 196 166 165
f 141 165 166
f 142 141 166
f 165 141 140
f 196 197 166
f 166 197 167
f 140 164 165
f 97 98 86
f 195 230 196
f 266 267 229
f 266 229 228
f 309 268 267
f 230 229 267
f 195 229 230
f 266 309 267
f 308 352 353
f 353 309 308
f 309 353 354
f 310 309 354
f 308 309 266
f 400 353 352
f 268 230 267
f 266 307 308
f 230 268 231
f 231 197 230
f 231 268 269
f 232 231 269
f 231 198 197
f 268 311 269
f 310 354 355
f 355 311 310
f 311 355 356
f 312 311 356
f 310 311 268
f 402 355 354
f 311 270 269
f 268 309 310
f 196 230 197
f 401 354 353
f 356 403 357
f 116 96 115
f 95 6 110
f 403 356 355
f 447 448 398
f 398 397 447
f 448 399 398
f 447 500 448
f 611 554 610
f 554 500 499
f 500 554 555
f 555 501 500
f 499 500 447
f 554 612 555
f 448 500 449
f 554 499 553
f 399 448 449
f 449 400 399
f 400 449 450
f 450 401 400
f 399 400 352
f 449 502 450
f 501 555 556
f 556 502 501
f 502 556 557
f 557 503 502
f 501 502 449
f 556 614 557
f 450 502 451
f 449 500 501
f 398 399 351
f 555 613 556
f 728 669 727
f 669 612 611
f 612 669 670
f 670 613 612
f 611 612 554
f 669 729 670
f 849 788 848
f 788 729 728
f 789 729 788
f 788 849 789
f 728 729 669
f 910 849 909
f 670 729 671
f 788 728 787
f 730 671 729
f 671 614 613
f 790 731 730
f 671 730 672
f 613 614 556
f 730 729 789
f 789 849 850
f 850 790 789
f 790 850 851
f 791 790 851
f 789 790 730
f 850 912 851
f 614 671 672
f 671 613 670
f 612 613 555
f 849 911 850
f 557 614 558
f 669 611 668
f 401 451 402
f 402 354 401
f 451 452 402
f 503 451 502
f 615 558 614
f 504 503 558
f 452 503 504
f 558 615 559
f 503 452 451
f 615 614 672
f 402 452 403
f 558 503 557
f 452 504 453
f 453 403 452
f 453 504 505
f 454 453 505
f 453 404 403
f 504 560 505
f 559 615 616
f 616 560 559
f 560 616 617
f 561 560 617
f 559 560 504
f 616 675 617
f 560 506 505
f 504 558 559
f 402 403 355
f 615 674 616
f 672 730 731
f 731 673 672
f 673 731 732
f 732 674 673
f 672 673 615
f 731 792 732
f 791 851 852
f 852 792 791
f 792 852 853
f 853 793 792
f 791 792 731
f 852 914 853
f 732 792 733
f 731 790 791
f 674 732 733
f 733 675 674
f 675 733 734
f 676 675 734
f 674 675 616
f 733 794 734
f 793 853 854
f 854 794 793
f 794 854 855
f 795 794 855
f 793 794 733
f 854 916 855
f 794 735 734
f 733 792 793
f 673 674 615
f 853 915 854
f 675 618 617
f 451 401 450
f 400 401 353
f 851 913 852
f 118 119 99
f 499 447 498
f 100 87 86
f 86 5 97
f 120 101 100
f 100 99 119
f 119 141 142
f 142 120 119
f 120 142 143
f 121 120 143
f 119 120 100
f 142 168 143
f 5 86 87
f 100 86 99
f 80 5 87
f 87 88 80
f 80 88 3
f 3 4 80
f 80 4 5
f 87 102 88
f 101 120 121
f 121 102 101
f 102 121 122
f 122 103 102
f 101 102 87
f 143 144 121
f 88 102 89
f 87 100 101
f 96 97 5
f 144 122 121
f 167 197 198
f 198 168 167
f 168 198 199
f 199 169 168
f 142 167 168
f 198 233 199
f 232 269 270
f 270 233 232
f 271 233 270
f 270 312 271
f 232 233 198
f 270 311 312
f 199 233 200
f 198 231 232
f 200 169 199
f 145 144 169
f 234 233 271
f 201 200 234
f 200 170 169
f 234 200 233
f 271 312 313
f 313 272 271
f 272 313 314
f 273 272 314
f 271 272 234
f 313 359 314
f 272 235 234
f 169 144 168
f 143 168 144
f 312 358 313
f 145 122 144
f 142 166 167
f 3 89 81
f 81 2 3
f 103 90 89
f 89 102 103
f 122 145 123
f 122 123 103
f 123 145 146
f 124 123 146
f 123 104 103
f 145 171 146
f 81 89 90
f 88 89 3
f 81 90 82
f 82 2 81
f 82 90 91
f 91 83 82
f 2 82 83
f 90 105 91
f 104 123 124
f 124 105 104
f 105 124 125
f 125 106 105
f 104 105 90
f 146 147 124
f 91 105 92
f 90 103 104
f 148 125 124
f 170 200 201
f 201 171 170
f 171 201 202
f 202 172 171
f 145 170 171
f 201 236 202
f 235 272 273
f 273 236 235
f 236 273 274
f 274 237 236
f 235 236 201
f 314 315 273
f 202 236 203
f 201 234 235
f 147 171 172
f 172 148 147
f 148 172 173
f 173 149 148
f 147 148 124
f 172 204 173
f 203 236 237
f 237 204 203
f 317 276 275
f 237 275 238
f 203 204 172
f 237 274 275
f 173 204 174
f 172 202 203
f 146 171 147
f 316 274 273
f 125 148 126
f 145 169 170
f 317 275 274
f 357 404 358
f 357 358 312
f 404 405 358
f 357 403 404
f 454 505 506
f 455 454 506
f 405 454 455
f 506 561 507
f 454 405 404
f 506 560 561
f 358 405 359
f 404 453 454
f 405 455 406
f 406 359 405
f 456 407 406
f 359 406 360
f 358 359 313
f 455 456 406
f 507 561 562
f 562 508 507
f 456 507 508
f 457 456 508
f 507 456 455
f 562 563 508
f 508 563 509
f 455 506 507
f 315 314 359
f 561 619 562
f 618 675 676
f 676 619 618
f 619 676 677
f 677 620 619
f 561 618 619
f 676 736 677
f 735 794 795
f 795 736 735
f 796 736 795
f 795 856 796
f 735 736 676
f 795 855 856
f 677 736 678
f 676 734 735
f 678 620 677
f 564 563 620
f 737 736 796
f 679 678 737
f 678 621 620
f 737 678 736
f 796 856 857
f 857 797 796
f 797 857 858
f 798 797 858
f 796 797 737
f 857 919 858
f 797 738 737
f 620 563 619
f 562 619 563
f 856 918 857
f 315 359 360
f 561 617 618
f 360 361 316
f 316 315 360
f 361 317 316
f 360 407 361
f 407 456 457
f 408 407 457
f 509 563 564
f 510 509 564
f 509 458 457
f 457 508 509
f 361 407 408
f 360 406 407
f 361 408 362
f 362 317 361
f 362 408 409
f 363 362 409
f 362 318 317
f 408 459 409
f 458 509 510
f 510 459 458
f 459 510 511
f 460 459 511
f 458 459 408
f 564 565 510
f 459 410 409
f 408 457 458
f 316 317 274
f 566 511 510
f 621 678 679
f 679 622 621
f 565 621 622
f 622 566 565
f 621 565 564
f 679 680 622
f 738 797 798
f 739 738 798
f 680 738 739
f 798 859 799
f 738 680 679
f 798 858 859
f 622 680 623
f 679 737 738
f 623 680 681
f 623 566 622
f 681 680 739
f 624 623 681
f 623 567 566
f 739 740 681
f 799 859 860
f 860 800 799
f 740 799 800
f 741 740 800
f 799 740 739
f 860 861 800
f 740 682 681
f 739 798 799
f 565 566 510
f 859 921 860
f 566 512 511
f 564 620 621
f 315 316 273
f 858 920 859
f 800 861 801
f 312 356 357
f 95 5 6
f 855 917 856
f 910 971 911
f 910 911 849
f 971 972 911
f 1032 971 1031
f 1154 1093 1153
f 1093 1033 1032
f 972 1032 1033
f 1033 973 972
f 1032 972 971
f 1093 1094 1033
f 911 972 912
f 1093 1032 1092
f 1034 973 1033
f 973 913 912
f 913 973 974
f 974 914 913
f 851 912 913
f 973 1035 974
f 1094 1095 1034
f 1094 1034 1033
f 1095 1096 1035
f 1035 1034 1095
f 1034 1035 973
f 1094 1156 1095
f 974 1035 975
f 973 912 972
f 850 911 912
f 1093 1155 1094
f 1284 1218 1283
f 1218 1155 1154
f 1155 1218 1219
f 1219 1156 1155
f 1093 1154 1155
f 1218 1285 1219
f 1421 1352 1420
f 1352 1285 1284
f 1353 1285 1352
f 1352 1421 1353
f 1284 1285 1218
f 1492 1421 1491
f 1219 1285 1220
f 1352 1284 1351
f 1286 1220 1285
f 1157 1156 1220
f 1354 1287 1286
f 1220 1286 1221
f 1155 1156 1094
f 1286 1285 1353
f 1353 1421 1422
f 1422 1354 1353
f 1354 1422 1423
f 1355 1354 1423
f 1353 1354 1286
f 1422 1494 1423
f 1156 1157 1096
f 1220 1156 1219
f 1096 1095 1156
f 1421 1493 1422
f 1035 1096 1036
f 1218 1154 1217
f 914 975 915
f 914 915 853
f 1036 976 975
f 1036 975 1035
f 1096 1157 1097
f 1096 1097 1036
f 1097 1157 1158
f 1098 1097 1158
f 1097 1037 1036
f 1157 1222 1158
f 915 975 976
f 975 914 974
f 976 1036 1037
f 1037 977 976
f 916 976 977
f 977 917 916
f 976 916 915
f 1037 1038 977
f 1098 1158 1159
f 1159 1099 1098
f 1038 1098 1099
f 1099 1039 1038
f 1098 1038 1037
f 1159 1160 1099
f 977 1038 978
f 1037 1097 1098
f 854 915 916
f 1158 1223 1159
f 1221 1286 1287
f 1287 1222 1221
f 1222 1287 1288
f 1288 1223 1222
f 1157 1221 1222
f 1287 1356 1288
f 1355 1423 1424
f 1424 1356 1355
f 1356 1424 1425
f 1425 1357 1356
f 1355 1356 1287
f 1424 1496 1425
f 1288 1356 1289
f 1287 1354 1355
f 1223 1288 1289
f 1289 1224 1223
f 1160 1223 1224
f 1224 1161 1160
f 1222 1223 1158
f 1289 1290 1224
f 1357 1425 1426
f 1426 1358 1357
f 1290 1357 1358
f 1358 1291 1290
f 1357 1290 1289
f 1426 1427 1358
f 1224 1290 1225
f 1289 1356 1357
f 1160 1159 1223
f 1425 1497 1426
f 1099 1160 1100
f 1157 1220 1221
f 852 913 914
f 1423 1495 1424
f 1492 1564 1493
f 1492 1493 1421
f 1564 1565 1493
f 1636 1564 1635
f 1780 1708 1779
f 1637 1636 1708
f 1565 1636 1637
f 1708 1780 1709
f 1636 1565 1564
f 1852 1780 1851
f 1493 1565 1494
f 1708 1636 1707
f 1565 1637 1566
f 1566 1494 1565
f 1638 1567 1566
f 1495 1494 1566
f 1423 1494 1495
f 1637 1638 1566
f 1709 1780 1781
f 1781 1710 1709
f 1638 1709 1710
f 1639 1638 1710
f 1709 1638 1637
f 1781 1782 1710
f 1710 1782 1711
f 1637 1708 1709
f 1422 1493 1494
f 1780 1853 1781
f 1995 1924 1994
f 1924 1853 1852
f 1853 1924 1925
f 1925 1854 1853
f 1780 1852 1853
f 1924 1996 1925
f 2135 2066 2134
f 2066 1996 1995
f 2067 1996 2066
f 2066 2135 2067
f 1995 1996 1924
f 2203 2135 2202
f 1925 1996 1926
f 2066 1995 2065
f 1926 1854 1925
f 1783 1782 1854
f 1997 1996 2067
f 1927 1926 1997
f 1926 1855 1854
f 1997 1926 1996
f 2067 2135 2136
f 2136 2068 2067
f 2068 2136 2137
f 2069 2068 2137
f 2067 2068 1997
f 2136 2205 2137
f 2068 1998 1997
f 1854 1782 1853
f 1781 1853 1782
f 2135 2204 2136
f 1567 1495 1566
f 1924 1852 1923
f 1567 1568 1496
f 1496 1495 1567
f 1568 1497 1496
f 1567 1640 1568
f 1639 1710 1711
f 1711 1640 1639
f 1712 1640 1711
f 1711 1783 1712
f 1639 1640 1567
f 1711 1782 1783
f 1568 1640 1569
f 1567 1638 1639
f 1641 1569 1640
f 1569 1498 1497
f 1427 1497 1498
f 1498 1428 1427
f 1496 1497 1425
f 1641 1570 1569
f 1712 1783 1784
f 1784 1713 1712
f 1641 1712 1713
f 1642 1641 1713
f 1640 1712 1641
f 1784 1785 1713
f 1713 1785 1714
f 1569 1497 1568
f 1495 1496 1424
f 1783 1856 1784
f 1855 1926 1927
f 1927 1856 1855
f 1856 1927 1928
f 1928 1857 1856
f 1783 1855 1856
f 1927 1999 1928
f 1998 2068 2069
f 2069 1999 1998
f 2070 1999 2069
f 2069 2138 2070
f 1998 1999 1927
f 2069 2137 2138
f 1928 1999 1929
f 1927 1997 1998
f 1929 1857 1928
f 1786 1785 1857
f 2000 1999 2070
f 1930 1929 2000
f 1929 1858 1857
f 2000 1929 1999
f 2070 2138 2139
f 2139 2071 2070
f 2071 2139 2140
f 2072 2071 2140
f 2070 2071 2000
f 2139 2208 2140
f 2071 2001 2000
f 1857 1785 1856
f 1784 1856 1785
f 2138 2207 2139
f 1570 1498 1569
f 1783 1854 1855
f 1427 1426 1497
f 2137 2206 2138
f 1358 1427 1359
f 1564 1492 1563
f 917 978 918
f 917 918 856
f 978 979 918
f 1039 978 1038
f 1161 1100 1160
f 1040 1039 1100
f 979 1039 1040
f 1100 1161 1101
f 1039 979 978
f 1225 1161 1224
f 918 979 919
f 1100 1039 1099
f 979 1040 980
f 980 919 979
f 980 1040 1041
f 1041 981 980
f 919 980 920
f 1040 1102 1041
f 1101 1161 1162
f 1162 1102 1101
f 1102 1162 1163
f 1163 1103 1102
f 1101 1102 1040
f 1162 1227 1163
f 1041 1102 1042
f 1040 1100 1101
f 857 918 919
f 1161 1226 1162
f 1359 1291 1358
f 1291 1226 1225
f 1226 1291 1292
f 1292 1227 1226
f 1225 1226 1161
f 1291 1359 1292
f 1428 1498 1499
f 1427 1428 1359
f 1499 1498 1570
f 1429 1428 1499
f 1428 1360 1359
f 1571 1499 1570
f 1360 1292 1359
f 1290 1291 1225
f 1292 1360 1293
f 1293 1227 1292
f 1293 1360 1361
f 1361 1294 1293
f 1227 1293 1228
f 1360 1430 1361
f 1429 1499 1500
f 1500 1430 1429
f 1430 1500 1501
f 1501 1431 1430
f 1429 1430 1360
f 1572 1500 1499
f 1361 1430 1362
f 1360 1428 1429
f 1226 1227 1162
f 1501 1500 1573
f 1163 1227 1164
f 978 917 977
f 920 981 921
f 920 921 859
f 981 982 921
f 920 980 981
f 1042 1102 1103
f 1043 1042 1103
f 982 1042 1043
f 1103 1164 1104
f 1042 982 981
f 1103 1163 1164
f 921 982 922
f 981 1041 1042
f 922 982 983
f 922 861 921
f 983 982 1043
f 923 922 983
f 922 862 861
f 1043 1044 983
f 1104 1164 1165
f 1165 1105 1104
f 1044 1104 1105
f 1045 1044 1105
f 1104 1044 1043
f 1165 1166 1105
f 1044 984 983
f 1043 1103 1104
f 919 920 858
f 1164 1229 1165
f 1228 1293 1294
f 1294 1229 1228
f 1229 1294 1295
f 1295 1230 1229
f 1164 1228 1229
f 1294 1363 1295
f 1362 1430 1431
f 1431 1363 1362
f 1432 1363 1431
f 1431 1502 1432
f 1362 1363 1294
f 1431 1501 1502
f 1295 1363 1296
f 1294 1361 1362
f 1296 1230 1295
f 1167 1166 1230
f 1364 1363 1432
f 1297 1296 1364
f 1296 1231 1230
f 1364 1296 1363
f 1432 1502 1503
f 1503 1433 1432
f 1433 1503 1504
f 1434 1433 1504
f 1432 1433 1364
f 1575 1503 1502
f 1433 1365 1364
f 1230 1166 1229
f 1165 1229 1166
f 1574 1502 1501
f 1166 1106 1105
f 1164 1227 1228
f 916 917 855
f 1576 1504 1503
f 1642 1643 1571
f 1571 1570 1642
f 1643 1572 1571
f 1642 1715 1643
f 1714 1785 1786
f 1786 1715 1714
f 1715 1786 1787
f 1787 1716 1715
f 1714 1715 1642
f 1786 1859 1787
f 1643 1715 1644
f 1642 1713 1714
f 1572 1643 1644
f 1644 1573 1572
f 1573 1644 1645
f 1645 1574 1573
f 1572 1573 1500
f 1644 1717 1645
f 1716 1787 1788
f 1788 1717 1716
f 1717 1788 1789
f 1789 1718 1717
f 1716 1717 1644
f 1788 1861 1789
f 1645 1717 1646
f 1644 1715 1716
f 1571 1572 1499
f 1787 1860 1788
f 1858 1929 1930
f 1930 1859 1858
f 1859 1930 1931
f 1931 1860 1859
f 1858 1859 1786
f 1930 2002 1931
f 2001 2071 2072
f 2072 2002 2001
f 2073 2002 2072
f 2072 2141 2073
f 2001 2002 1930
f 2072 2140 2141
f 1931 2002 1932
f 1930 2000 2001
f 2003 1932 2002
f 1932 1861 1860
f 2074 2004 2003
f 1932 2003 1933
f 1860 1861 1788
f 2003 2002 2073
f 2073 2141 2142
f 2142 2074 2073
f 2074 2142 2143
f 2075 2074 2143
f 2073 2074 2003
f 2142 2211 2143
f 1861 1932 1933
f 1932 1860 1931
f 1859 1860 1787
f 2141 2210 2142
f 1789 1861 1790
f 1786 1857 1858
f 1574 1646 1575
f 1575 1502 1574
f 1646 1647 1575
f 1718 1646 1717
f 1862 1790 1861
f 1719 1718 1790
f 1647 1718 1719
f 1790 1862 1791
f 1718 1647 1646
f 1862 1861 1933
f 1575 1647 1576
f 1790 1718 1789
f 1647 1719 1648
f 1648 1576 1647
f 1648 1719 1720
f 1649 1648 1720
f 1648 1577 1576
f 1719 1792 1720
f 1791 1862 1863
f 1863 1792 1791
f 1792 1863 1864
f 1793 1792 1864
f 1791 1792 1719
f 1863 1936 1864
f 1792 1721 1720
f 1719 1790 1791
f 1575 1576 1503
f 1862 1935 1863
f 1933 2003 2004
f 2004 1934 1933
f 1934 2004 2005
f 2005 1935 1934
f 1933 1934 1862
f 2004 2076 2005
f 2075 2143 2144
f 2144 2076 2075
f 2076 2144 2145
f 2145 2077 2076
f 2075 2076 2004
f 2144 2213 2145
f 2005 2076 2006
f 2004 2074 2075
f 1935 2005 2006
f 2006 1936 1935
f 1936 2006 2007
f 1937 1936 2007
f 1935 1936 1863
f 2006 2078 2007
f 2077 2145 2146
f 2146 2078 2077
f 2078 2146 2147
f 2079 2078 2147
f 2077 2078 2006
f 2146 2215 2147
f 2078 2008 2007
f 2006 2076 2077
f 1934 1935 1862
f 2145 2214 2146
f 1936 1865 1864
f 1646 1574 1645
f 1573 1574 1501
f 2143 2212 2144
f 1576 1505 1504
f 1570 1641 1642
f 861 860 921
f 2140 2209 2141
f 237 238 204
f 971 910 970
f 106 92 105
f 92 84 83
f 106 93 92
f 126 106 125
f 174 149 173
f 149 127 126
f 205 204 238
f 205 175 174
f 149 174 150
f 205 174 204
f 106 126 107
f 149 126 148
f 84 92 93
f 85 84 93
f 127 108 107
f 93 107 94
f 84 1 83
f 93 106 107
f 127 149 150
f 128 127 150
f 175 205 206
f 176 175 206
f 175 151 150
f 150 174 175
f 206 240 207
f 107 126 127
f 83 1 2
f 205 240 206
f 238 275 276
f 276 239 238
f 239 276 277
f 277 240 239
f 238 239 205
f 276 318 277
f 318 362 363
f 319 318 363
f 410 459 460
f 411 410 460
f 410 364 363
f 363 409 410
f 277 318 319
f 276 317 318
f 277 319 278
f 278 240 277
f 278 319 320
f 279 278 320
f 278 241 240
f 319 365 320
f 364 410 411
f 411 365 364
f 365 411 412
f 366 365 412
f 364 365 319
f 460 461 411
f 365 321 320
f 319 363 364
f 239 240 205
f 412 411 462
f 85 1 84
f 92 83 91
f 85 93 94
f 94 109 85
f 108 109 94
f 94 107 108
f 128 150 151
f 151 129 128
f 176 206 207
f 207 177 176
f 151 176 152
f 151 175 176
f 108 128 109
f 108 127 128
f 109 128 129
f 129 130 109
f 152 153 130
f 130 129 152
f 109 130 85
f 129 151 152
f 177 207 208
f 208 178 177
f 153 177 178
f 178 179 153
f 177 153 152
f 208 209 178
f 130 153 179
f 152 176 177
f 85 130 1
f 207 242 208
f 241 278 279
f 279 242 241
f 242 279 280
f 280 243 242
f 207 241 242
f 279 322 280
f 321 365 366
f 366 322 321
f 367 322 366
f 366 413 367
f 321 322 279
f 366 412 413
f 280 322 281
f 279 320 321
f 281 243 280
f 243 210 209
f 323 322 367
f 323 282 281
f 243 281 244
f 323 281 322
f 367 413 414
f 414 368 367
f 368 414 415
f 415 369 368
f 367 368 323
f 464 414 413
f 323 368 324
f 243 209 242
f 208 242 209
f 463 413 412
f 178 209 179
f 207 240 241
f 1 130 246
f 465 415 414
f 512 513 461
f 461 460 512
f 513 462 461
f 512 567 513
f 567 623 624
f 568 567 624
f 682 740 741
f 683 682 741
f 682 625 624
f 624 681 682
f 513 567 568
f 512 566 567
f 513 568 514
f 514 462 513
f 514 568 569
f 569 515 514
f 462 514 463
f 568 626 569
f 625 682 683
f 683 626 625
f 626 683 684
f 684 627 626
f 625 626 568
f 741 742 683
f 569 626 570
f 568 624 625
f 461 462 411
f 743 684 683
f 801 861 862
f 862 802 801
f 742 801 802
f 802 743 742
f 801 742 741
f 923 863 862
f 923 983 984
f 924 923 984
f 1045 1105 1106
f 1046 1045 1106
f 1045 985 984
f 984 1044 1045
f 862 863 802
f 862 922 923
f 802 863 803
f 803 743 802
f 803 863 864
f 864 804 803
f 743 803 744
f 863 924 864
f 924 984 985
f 925 924 985
f 1046 1106 1107
f 1047 1046 1107
f 1046 986 985
f 985 1045 1046
f 864 924 925
f 863 923 924
f 742 743 683
f 1106 1168 1107
f 684 743 685
f 741 800 801
f 463 515 464
f 464 413 463
f 570 516 515
f 570 515 569
f 685 627 684
f 571 570 627
f 804 744 803
f 686 685 744
f 685 628 627
f 744 685 743
f 515 516 464
f 627 570 626
f 516 570 571
f 571 517 516
f 465 516 517
f 517 466 465
f 516 465 464
f 571 572 517
f 628 685 686
f 629 628 686
f 805 746 745
f 686 745 687
f 628 572 571
f 686 744 745
f 517 572 518
f 571 627 628
f 464 465 414
f 744 805 745
f 864 925 865
f 864 865 804
f 865 925 926
f 926 866 865
f 804 865 805
f 925 987 926
f 986 1046 1047
f 1047 987 986
f 1048 987 1047
f 1047 1108 1048
f 986 987 925
f 1047 1107 1108
f 926 987 927
f 925 985 986
f 927 866 926
f 806 805 866
f 988 987 1048
f 928 927 988
f 927 867 866
f 988 927 987
f 1048 1108 1109
f 1109 1049 1048
f 1049 1109 1110
f 1050 1049 1110
f 1048 1049 988
f 1109 1171 1110
f 1049 989 988
f 866 805 865
f 804 805 744
f 1108 1170 1109
f 629 572 628
f 515 463 514
f 462 463 412
f 1107 1169 1108
f 415 465 416
f 460 511 512
f 244 210 243
f 210 211 179
f 244 211 210
f 282 244 281
f 369 324 368
f 324 283 282
f 466 416 465
f 416 370 369
f 324 369 325
f 416 369 415
f 244 282 245
f 324 282 323
f 211 244 245
f 245 246 211
f 283 284 246
f 246 245 283
f 211 246 130
f 245 282 283
f 325 369 370
f 370 326 325
f 284 325 326
f 326 327 284
f 325 284 283
f 417 371 370
f 246 284 79
f 283 324 325
f 179 211 130
f 416 417 370
f 518 572 573
f 517 518 466
f 573 572 629
f 573 519 518
f 466 518 467
f 629 630 573
f 687 745 746
f 746 688 687
f 630 687 688
f 688 631 630
f 687 630 629
f 746 747 688
f 573 630 574
f 629 686 687
f 519 467 518
f 418 417 467
f 631 574 630
f 520 519 574
f 519 468 467
f 574 519 573
f 688 747 689
f 688 689 631
f 689 747 748
f 690 689 748
f 689 632 631
f 747 808 748
f 631 575 574
f 467 417 466
f 466 417 416
f 746 807 747
f 370 371 326
f 210 179 209
f 371 372 327
f 371 327 326
f 372 79 327
f 371 418 372
f 418 467 468
f 419 418 468
f 520 574 575
f 521 520 575
f 520 469 468
f 468 519 520
f 372 418 419
f 371 417 418
f 419 468 469
f 469 420 419
f 420 372 419
f 420 523 79
f 372 420 79
f 469 470 420
f 521 522 470
f 470 469 521
f 577 522 521
f 523 470 522
f 470 523 420
f 575 576 521
f 79 523 636
f 469 520 521
f 284 327 79
f 578 523 522
f 632 633 576
f 576 575 632
f 691 634 633
f 577 576 633
f 576 577 521
f 632 691 633
f 690 748 749
f 749 691 690
f 691 749 750
f 692 691 750
f 690 691 632
f 749 810 750
f 634 577 633
f 632 689 690
f 634 635 578
f 578 577 634
f 635 694 636
f 636 578 635
f 578 636 523
f 634 693 635
f 692 750 751
f 751 693 692
f 751 752 693
f 694 635 693
f 692 693 634
f 753 694 693
f 636 694 754
f 634 691 692
f 577 578 522
f 750 811 751
f 79 636 754
f 575 631 632
f 246 79 1
f 748 809 749
f 806 868 807
f 806 807 746
f 807 808 747
f 807 868 808
f 867 927 928
f 928 868 867
f 868 928 929
f 869 868 929
f 867 868 806
f 928 990 929
f 868 869 808
f 806 866 867
f 870 809 869
f 809 808 869
f 871 810 809
f 810 811 750
f 749 809 810
f 871 811 810
f 930 931 870
f 870 869 930
f 931 932 871
f 871 870 931
f 870 871 809
f 930 992 931
f 871 932 872
f 869 929 930
f 748 808 809
f 929 991 930
f 989 1049 1050
f 1050 990 989
f 1050 1051 990
f 990 991 929
f 928 989 990
f 1052 991 990
f 1111 1112 1051
f 1051 1050 1111
f 1112 1113 1052
f 1052 1051 1112
f 1051 1052 990
f 1111 1173 1112
f 991 1052 992
f 1050 1110 1111
f 1053 1052 1113
f 1053 993 992
f 932 992 993
f 933 932 993
f 991 992 930
f 1053 1054 993
f 1113 1175 1114
f 1113 1114 1053
f 1054 1114 1115
f 1055 1054 1115
f 1053 1114 1054
f 1114 1176 1115
f 1054 994 993
f 1053 992 1052
f 992 932 931
f 1112 1174 1113
f 871 872 811
f 928 988 989
f 752 812 753
f 753 693 752
f 873 813 812
f 812 811 872
f 872 932 933
f 933 873 872
f 873 933 934
f 874 873 934
f 872 873 812
f 933 995 934
f 813 753 812
f 812 752 811
f 813 814 754
f 754 753 813
f 813 875 814
f 78 754 814
f 754 78 79
f 875 78 814
f 874 934 935
f 935 875 874
f 875 935 936
f 937 875 936
f 874 875 813
f 935 997 936
f 875 937 78
f 813 873 874
f 753 754 694
f 934 996 935
f 994 1054 1055
f 1055 995 994
f 1055 1056 995
f 995 996 934
f 933 994 995
f 1057 996 995
f 1116 1117 1056
f 1056 1055 1116
f 1117 1118 1057
f 1057 1056 1117
f 1056 1057 995
f 1116 1178 1117
f 996 1057 997
f 1055 1115 1116
f 1058 1057 1118
f 1058 998 997
f 937 997 998
f 998 1182 937
f 996 997 935
f 1058 1059 998
f 1118 1180 1119
f 1118 1119 1058
f 1059 1119 1120
f 1120 1182 1059
f 1058 1119 1059
f 1119 1181 1120
f 998 1059 1182
f 1058 997 1057
f 997 937 936
f 1117 1179 1118
f 78 937 77
f 933 993 994
f 752 751 811
f 1115 1177 1116
f 746 805 806
f 1110 1172 1111
f 1167 1231 1168
f 1168 1106 1167
f 1231 1232 1168
f 1167 1230 1231
f 1297 1364 1365
f 1365 1298 1297
f 1232 1297 1298
f 1298 1233 1232
f 1297 1232 1231
f 1365 1366 1298
f 1168 1232 1169
f 1231 1296 1297
f 1299 1233 1298
f 1233 1170 1169
f 1233 1234 1170
f 1171 1109 1170
f 1169 1170 1108
f 1234 1171 1170
f 1367 1299 1366
f 1366 1299 1298
f 1234 1299 1300
f 1235 1234 1300
f 1299 1234 1233
f 1368 1300 1299
f 1300 1368 1301
f 1233 1169 1232
f 1168 1169 1107
f 1365 1435 1366
f 1434 1504 1505
f 1505 1435 1434
f 1435 1505 1506
f 1506 1436 1435
f 1365 1434 1435
f 1505 1578 1506
f 1577 1648 1649
f 1649 1578 1577
f 1578 1649 1650
f 1650 1579 1578
f 1577 1578 1505
f 1649 1722 1650
f 1506 1578 1507
f 1505 1576 1577
f 1367 1435 1436
f 1436 1368 1367
f 1368 1436 1437
f 1369 1368 1437
f 1367 1368 1299
f 1436 1508 1437
f 1507 1578 1579
f 1579 1508 1507
f 1508 1579 1580
f 1509 1508 1580
f 1507 1508 1436
f 1650 1651 1579
f 1508 1438 1437
f 1436 1506 1507
f 1366 1435 1367
f 1580 1579 1652
f 1235 1171 1234
f 1365 1433 1434
f 1236 1172 1235
f 1172 1171 1235
f 1173 1111 1172
f 1236 1173 1172
f 1301 1368 1369
f 1369 1302 1301
f 1236 1301 1302
f 1237 1236 1302
f 1301 1236 1235
f 1370 1302 1369
f 1236 1237 1173
f 1235 1300 1301
f 1237 1238 1174
f 1174 1173 1237
f 1238 1239 1175
f 1175 1174 1238
f 1174 1175 1113
f 1237 1304 1238
f 1371 1303 1302
f 1303 1304 1237
f 1239 1304 1305
f 1305 1240 1239
f 1238 1304 1239
f 1372 1304 1303
f 1175 1239 1176
f 1237 1302 1303
f 1173 1174 1112
f 1373 1305 1304
f 1438 1439 1370
f 1370 1369 1438
f 1510 1440 1439
f 1371 1370 1439
f 1370 1371 1302
f 1438 1510 1439
f 1509 1580 1581
f 1581 1510 1509
f 1510 1581 1582
f 1511 1510 1582
f 1509 1510 1438
f 1653 1581 1580
f 1440 1371 1439
f 1438 1508 1509
f 1440 1441 1372
f 1372 1371 1440
f 1512 1442 1441
f 1373 1372 1441
f 1372 1373 1304
f 1440 1512 1441
f 1511 1582 1583
f 1583 1512 1511
f 1512 1583 1584
f 1513 1512 1584
f 1511 1512 1440
f 1655 1583 1582
f 1584 1656 1585
f 1440 1510 1511
f 1371 1372 1303
f 1654 1582 1581
f 1305 1373 1306
f 1369 1437 1438
f 1171 1172 1110
f 1656 1584 1583
f 1649 1721 1722
f 1722 1651 1650
f 1794 1723 1722
f 1721 1794 1722
f 1793 1864 1865
f 1865 1794 1793
f 1794 1865 1866
f 1795 1794 1866
f 1793 1794 1721
f 1865 1938 1866
f 1723 1651 1722
f 1721 1792 1793
f 1723 1724 1652
f 1652 1651 1723
f 1796 1725 1724
f 1653 1652 1724
f 1652 1653 1580
f 1723 1796 1724
f 1795 1866 1867
f 1867 1796 1795
f 1796 1867 1868
f 1797 1796 1868
f 1795 1796 1723
f 1867 1940 1868
f 1868 1940 1869
f 1723 1794 1795
f 1651 1652 1579
f 1866 1939 1867
f 1937 2007 2008
f 2008 1938 1937
f 1938 2008 2009
f 2009 1939 1938
f 1937 1938 1865
f 2008 2080 2009
f 2079 2147 2148
f 2148 2080 2079
f 2080 2148 2149
f 2149 2081 2080
f 2079 2080 2008
f 2148 2217 2149
f 2009 2080 2010
f 2008 2078 2079
f 1939 2009 2010
f 2010 1940 1939
f 1940 2010 2011
f 1941 1940 2011
f 1939 1940 1867
f 2010 2082 2011
f 2081 2149 2150
f 2150 2082 2081
f 2082 2150 2151
f 2083 2082 2151
f 2081 2082 2010
f 2150 2219 2151
f 2082 2012 2011
f 2010 2080 2081
f 1938 1939 1866
f 2149 2218 2150
f 1653 1724 1725
f 1865 1936 1937
f 1725 1726 1654
f 1654 1653 1725
f 1726 1655 1654
f 1725 1798 1726
f 1797 1868 1869
f 1869 1798 1797
f 1798 1869 1870
f 1870 1799 1798
f 1797 1798 1725
f 1869 1942 1870
f 1726 1798 1727
f 1725 1796 1797
f 1655 1726 1727
f 1727 1656 1655
f 1656 1727 1728
f 1657 1656 1728
f 1655 1656 1583
f 1727 1800 1728
f 1799 1870 1871
f 1871 1800 1799
f 1800 1871 1872
f 1801 1800 1872
f 1799 1800 1727
f 1871 1944 1872
f 1800 1729 1728
f 1727 1798 1799
f 1654 1655 1582
f 1870 1943 1871
f 1941 2011 2012
f 2012 1942 1941
f 1942 2012 2013
f 2013 1943 1942
f 1941 1942 1869
f 2012 2084 2013
f 2083 2151 2152
f 2152 2084 2083
f 2084 2152 2153
f 2153 2085 2084
f 2083 2084 2012
f 2152 2221 2153
f 2013 2084 2014
f 2012 2082 2083
f 1943 2013 2014
f 2014 1944 1943
f 1944 2014 2015
f 1945 1944 2015
f 1943 1944 1871
f 2014 2086 2015
f 2085 2153 2154
f 2154 2086 2085
f 2086 2154 2155
f 2087 2086 2155
f 2085 2086 2014
f 2154 2223 2155
f 2086 2016 2015
f 2014 2084 2085
f 1942 1943 1870
f 2153 2222 2154
f 1944 1873 1872
f 1869 1940 1941
f 1653 1654 1581
f 2151 2220 2152
f 1441 1442 1373
f 1649 1720 1721
f 1176 1240 1177
f 1177 1115 1176
f 1240 1241 1177
f 1306 1240 1305
f 1374 1373 1442
f 1374 1307 1306
f 1241 1306 1307
f 1307 1242 1241
f 1306 1241 1240
f 1374 1375 1307
f 1177 1241 1178
f 1374 1306 1373
f 1308 1242 1307
f 1242 1179 1178
f 1179 1242 1243
f 1243 1180 1179
f 1178 1179 1117
f 1242 1309 1243
f 1375 1376 1308
f 1375 1308 1307
f 1445 1377 1376
f 1309 1308 1376
f 1308 1309 1242
f 1375 1445 1376
f 1243 1309 1244
f 1242 1178 1241
f 1177 1178 1116
f 1374 1444 1375
f 1442 1512 1513
f 1513 1443 1442
f 1443 1513 1514
f 1514 1444 1443
f 1442 1443 1374
f 1513 1586 1514
f 1585 1656 1657
f 1657 1586 1585
f 1586 1657 1658
f 1658 1587 1586
f 1585 1586 1513
f 1657 1730 1658
f 1514 1586 1515
f 1513 1584 1585
f 1444 1514 1515
f 1515 1445 1444
f 1445 1515 1516
f 1446 1445 1516
f 1444 1445 1375
f 1515 1588 1516
f 1587 1658 1659
f 1659 1588 1587
f 1588 1659 1660
f 1589 1588 1660
f 1587 1588 1515
f 1659 1732 1660
f 1588 1517 1516
f 1515 1586 1587
f 1443 1444 1374
f 1658 1731 1659
f 1376 1377 1309
f 1240 1176 1239
f 1180 1244 1181
f 1181 1119 1180
f 1310 1245 1244
f 1310 1244 1309
f 1377 1445 1446
f 1446 1378 1377
f 1310 1377 1378
f 1311 1310 1378
f 1309 1377 1310
f 1447 1378 1446
f 1245 1181 1244
f 1244 1180 1243
f 1245 1310 1311
f 1311 1246 1245
f 1182 1245 1246
f 1246 77 1182
f 1245 1182 1181
f 1311 1312 1246
f 1379 1380 1312
f 1312 1311 1379
f 1379 1449 1380
f 77 1312 1380
f 1312 77 1246
f 1448 1379 1378
f 1182 77 937
f 1311 1378 1379
f 1181 1182 1120
f 77 1380 1449
f 1517 1518 1447
f 1447 1446 1517
f 1590 1519 1518
f 1448 1447 1518
f 1447 1448 1378
f 1517 1590 1518
f 1589 1660 1661
f 1661 1590 1589
f 1590 1661 1662
f 1591 1590 1662
f 1589 1590 1517
f 1661 1734 1662
f 1519 1448 1518
f 1517 1588 1589
f 1519 1520 1449
f 1449 1448 1519
f 1520 1521 1450
f 1450 1449 1520
f 1449 1450 77
f 1519 1592 1520
f 1662 1663 1591
f 1591 1592 1519
f 1521 1592 1593
f 1593 77 1521
f 1520 1592 1521
f 1664 1592 1591
f 1450 1521 77
f 1519 1590 1591
f 1448 1449 1379
f 1665 1593 1592
f 1593 1665 2165
f 1446 1516 1517
f 1179 1180 1118
f 1660 1733 1661
f 1729 1802 1730
f 1729 1730 1657
f 1730 1731 1658
f 1730 1802 1731
f 1801 1872 1873
f 1873 1802 1801
f 1802 1873 1874
f 1803 1802 1874
f 1801 1802 1729
f 1873 1946 1874
f 1802 1803 1731
f 1729 1800 1801
f 1803 1804 1732
f 1732 1731 1803
f 1804 1805 1733
f 1733 1732 1804
f 1660 1732 1733
f 1803 1876 1804
f 1875 1948 1876
f 1875 1876 1803
f 1805 1876 1877
f 1877 1806 1805
f 1804 1876 1805
f 1876 1948 1877
f 1733 1805 1734
f 1803 1874 1875
f 1659 1731 1732
f 1874 1947 1875
f 1945 2015 2016
f 2016 1946 1945
f 1946 2016 2017
f 2017 1947 1946
f 1945 1946 1873
f 2016 2088 2017
f 2087 2155 2156
f 2156 2088 2087
f 2088 2156 2157
f 2157 2089 2088
f 2087 2088 2016
f 2156 2225 2157
f 2017 2088 2018
f 2016 2086 2087
f 1947 2017 2018
f 2018 1948 1947
f 1948 2018 2019
f 1949 1948 2019
f 1947 1948 1875
f 2018 2090 2019
f 2089 2157 2158
f 2158 2090 2089
f 2090 2158 2159
f 2091 2090 2159
f 2089 2090 2018
f 2158 2227 2159
f 2090 2020 2019
f 2018 2088 2089
f 1946 1947 1874
f 2157 2226 2158
f 1877 1948 1949
f 1873 1944 1945
f 1734 1735 1663
f 1734 1661 1733
f 1735 1664 1663
f 1734 1807 1735
f 1878 1877 1949
f 1878 1807 1806
f 1807 1878 1879
f 1879 1808 1807
f 1806 1807 1734
f 1878 1951 1879
f 1735 1807 1736
f 1878 1806 1877
f 1664 1735 1736
f 1736 1665 1664
f 1665 1736 1737
f 2165 1665 1737
f 1664 1665 1592
f 1736 1809 1737
f 1808 1879 1880
f 1880 1809 1808
f 1809 1880 1881
f 2165 1809 1881
f 1808 1809 1736
f 1880 1953 1881
f 1809 2165 1737
f 1736 1807 1808
f 1663 1664 1591
f 1879 1952 1880
f 1949 2019 2020
f 2020 1950 1949
f 2020 2021 1950
f 1951 1878 1950
f 1949 1950 1878
f 2021 1951 1950
f 2091 2159 2160
f 2160 2092 2091
f 2021 2091 2092
f 2022 2021 2092
f 2091 2021 2020
f 2161 2092 2160
f 2021 2022 1951
f 2020 2090 2091
f 2022 2023 1952
f 1952 1951 2022
f 2023 2024 1953
f 1953 1952 2023
f 1952 1953 1880
f 2022 2094 2023
f 2162 2093 2092
f 2093 2094 2022
f 2024 2094 2095
f 2165 2024 2095
f 2023 2094 2024
f 2163 2094 2093
f 2024 2165 1953
f 2022 2092 2093
f 1951 1952 1879
f 2164 2095 2094
f 1953 2165 1881
f 1806 1734 1805
f 1663 1662 1734
f 2159 2228 2160
f 1593 2165 77
f 1657 1728 1729
f 1175 1176 1114
f 2155 2224 2156
f 1106 1166 1167
f 2147 2216 2148
f 2203 2271 2204
f 2203 2204 2135
f 2271 2272 2204
f 2339 2271 2338
f 2475 2407 2474
f 2407 2340 2339
f 2272 2339 2340
f 2340 2273 2272
f 2339 2272 2271
f 2407 2408 2340
f 2204 2272 2205
f 2407 2339 2406
f 2341 2273 2340
f 2273 2206 2205
f 2206 2273 2274
f 2274 2207 2206
f 2137 2205 2206
f 2273 2342 2274
f 2408 2409 2341
f 2408 2341 2340
f 2409 2410 2342
f 2342 2341 2409
f 2341 2342 2273
f 2408 2477 2409
f 2274 2342 2275
f 2273 2205 2272
f 2136 2204 2205
f 2407 2476 2408
f 2607 2541 2606
f 2541 2476 2475
f 2476 2541 2542
f 2542 2477 2476
f 2407 2475 2476
f 2541 2608 2542
f 2737 2672 2736
f 2672 2608 2607
f 2673 2608 2672
f 2672 2737 2673
f 2607 2608 2541
f 2802 2737 2801
f 2542 2608 2543
f 2672 2607 2671
f 2609 2543 2608
f 2478 2477 2543
f 2674 2610 2609
f 2543 2609 2544
f 2476 2477 2408
f 2609 2608 2673
f 2673 2737 2738
f 2738 2674 2673
f 2674 2738 2739
f 2675 2674 2739
f 2673 2674 2609
f 2738 2804 2739
f 2477 2478 2410
f 2543 2477 2542
f 2410 2409 2477
f 2737 2803 2738
f 2342 2410 2343
f 2541 2475 2540
f 2207 2275 2208
f 2207 2208 2139
f 2343 2276 2275
f 2343 2275 2342
f 2410 2478 2411
f 2410 2411 2343
f 2411 2478 2479
f 2412 2411 2479
f 2411 2344 2343
f 2478 2545 2479
f 2208 2275 2276
f 2275 2207 2274
f 2276 2343 2344
f 2344 2277 2276
f 2209 2276 2277
f 2277 2210 2209
f 2276 2209 2208
f 2344 2345 2277
f 2412 2479 2480
f 2480 2413 2412
f 2345 2412 2413
f 2413 2346 2345
f 2412 2345 2344
f 2480 2481 2413
f 2277 2345 2278
f 2344 2411 2412
f 2140 2208 2209
f 2479 2546 2480
f 2544 2609 2610
f 2610 2545 2544
f 2545 2610 2611
f 2611 2546 2545
f 2478 2544 2545
f 2610 2676 2611
f 2675 2739 2740
f 2740 2676 2675
f 2676 2740 2741
f 2741 2677 2676
f 2675 2676 2610
f 2740 2806 2741
f 2611 2676 2612
f 2610 2674 2675
f 2546 2611 2612
f 2612 2547 2546
f 2481 2546 2547
f 2547 2482 2481
f 2545 2546 2479
f 2612 2613 2547
f 2677 2741 2742
f 2742 2678 2677
f 2613 2677 2678
f 2678 2614 2613
f 2677 2613 2612
f 2742 2743 2678
f 2547 2613 2548
f 2612 2676 2677
f 2481 2480 2546
f 2741 2807 2742
f 2413 2481 2414
f 2478 2543 2544
f 2138 2206 2207
f 2739 2805 2740
f 2802 2868 2803
f 2802 2803 2737
f 2868 2869 2803
f 2932 2868 2931
f 3052 2993 3051
f 2993 2933 2932
f 2869 2932 2933
f 2933 2870 2869
f 2932 2869 2868
f 2993 2994 2933
f 2803 2869 2804
f 2993 2932 2992
f 2934 2870 2933
f 2870 2805 2804
f 2805 2870 2871
f 2871 2806 2805
f 2739 2804 2805
f 2870 2935 2871
f 2994 2995 2934
f 2994 2934 2933
f 2995 2996 2935
f 2935 2934 2995
f 2934 2935 2870
f 2994 3054 2995
f 2871 2935 2872
f 2870 2804 2869
f 2738 2803 2804
f 2993 3053 2994
f 3167 3111 3166
f 3111 3053 3052
f 3053 3111 3112
f 3112 3054 3053
f 2993 3052 3053
f 3111 3168 3112
f 3278 3223 3277
f 3223 3168 3167
f 3224 3168 3223
f 3223 3278 3224
f 3167 3168 3111
f 3331 3278 3330
f 3112 3168 3113
f 3223 3167 3222
f 3169 3113 3168
f 3055 3054 3113
f 3225 3170 3169
f 3113 3169 3114
f 3053 3054 2994
f 3169 3168 3224
f 3224 3278 3279
f 3279 3225 3224
f 3225 3279 3280
f 3226 3225 3280
f 3224 3225 3169
f 3279 3333 3280
f 3054 3055 2996
f 3113 3054 3112
f 2996 2995 3054
f 3278 3332 3279
f 2935 2996 2936
f 3111 3052 3110
f 2806 2872 2807
f 2806 2807 2741
f 2936 2873 2872
f 2936 2872 2935
f 2996 3055 2997
f 2996 2997 2936
f 2997 3055 3056
f 2998 2997 3056
f 2997 2937 2936
f 3055 3115 3056
f 2807 2872 2873
f 2872 2806 2871
f 2807 2873 2808
f 2808 2743 2807
f 2808 2873 2874
f 2874 2809 2808
f 2743 2808 2744
f 2873 2938 2874
f 2937 2997 2998
f 2998 2938 2937
f 2938 2998 2999
f 2999 2939 2938
f 2937 2938 2873
f 3056 3057 2998
f 2874 2938 2875
f 2873 2936 2937
f 2805 2806 2740
f 3058 2999 2998
f 3114 3169 3170
f 3170 3115 3114
f 3115 3170 3171
f 3171 3116 3115
f 3055 3114 3115
f 3170 3227 3171
f 3226 3280 3281
f 3281 3227 3226
f 3227 3281 3282
f 3282 3228 3227
f 3226 3227 3170
f 3281 3335 3282
f 3171 3227 3172
f 3170 3225 3226
f 3057 3115 3116
f 3116 3058 3057
f 3058 3116 3117
f 3117 3059 3058
f 3057 3058 2998
f 3116 3173 3117
f 3172 3227 3228
f 3228 3173 3172
f 3229 3173 3228
f 3228 3283 3229
f 3172 3173 3116
f 3228 3282 3283
f 3117 3173 3118
f 3116 3171 3172
f 3056 3115 3057
f 3282 3336 3283
f 2999 3058 3000
f 3055 3113 3114
f 2743 2742 2807
f 3280 3334 3281
f 2678 2743 2679
f 2868 2802 2867
f 2210 2278 2211
f 2210 2211 2142
f 2278 2279 2211
f 2346 2278 2345
f 2482 2414 2481
f 2414 2347 2346
f 2279 2346 2347
f 2347 2280 2279
f 2346 2279 2278
f 2414 2415 2347
f 2211 2279 2212
f 2414 2346 2413
f 2348 2280 2347
f 2280 2213 2212
f 2213 2280 2281
f 2281 2214 2213
f 2144 2212 2213
f 2280 2349 2281
f 2415 2416 2348
f 2415 2348 2347
f 2416 2417 2349
f 2349 2348 2416
f 2348 2349 2280
f 2415 2484 2416
f 2281 2349 2282
f 2280 2212 2279
f 2143 2211 2212
f 2414 2483 2415
f 2614 2548 2613
f 2548 2483 2482
f 2483 2548 2549
f 2549 2484 2483
f 2414 2482 2483
f 2548 2615 2549
f 2744 2679 2743
f 2679 2615 2614
f 2680 2615 2679
f 2679 2744 2680
f 2614 2615 2548
f 2809 2744 2808
f 2549 2615 2550
f 2679 2614 2678
f 2616 2550 2615
f 2485 2484 2550
f 2681 2617 2616
f 2550 2616 2551
f 2483 2484 2415
f 2616 2615 2680
f 2680 2744 2745
f 2745 2681 2680
f 2681 2745 2746
f 2682 2681 2746
f 2680 2681 2616
f 2745 2811 2746
f 2484 2485 2417
f 2550 2484 2549
f 2417 2416 2484
f 2744 2810 2745
f 2349 2417 2350
f 2548 2482 2547
f 2214 2282 2215
f 2214 2215 2146
f 2350 2283 2282
f 2350 2282 2349
f 2417 2485 2418
f 2417 2418 2350
f 2418 2485 2486
f 2419 2418 2486
f 2418 2351 2350
f 2485 2552 2486
f 2215 2282 2283
f 2282 2214 2281
f 2283 2350 2351
f 2351 2284 2283
f 2216 2283 2284
f 2284 2217 2216
f 2283 2216 2215
f 2351 2352 2284
f 2419 2486 2487
f 2487 2420 2419
f 2352 2419 2420
f 2420 2353 2352
f 2419 2352 2351
f 2487 2488 2420
f 2284 2352 2285
f 2351 2418 2419
f 2147 2215 2216
f 2486 2553 2487
f 2551 2616 2617
f 2617 2552 2551
f 2552 2617 2618
f 2618 2553 2552
f 2485 2551 2552
f 2617 2683 2618
f 2682 2746 2747
f 2747 2683 2682
f 2683 2747 2748
f 2748 2684 2683
f 2682 2683 2617
f 2747 2813 2748
f 2618 2683 2619
f 2617 2681 2682
f 2553 2618 2619
f 2619 2554 2553
f 2488 2553 2554
f 2554 2489 2488
f 2552 2553 2486
f 2619 2620 2554
f 2684 2748 2749
f 2749 2685 2684
f 2620 2684 2685
f 2685 2621 2620
f 2684 2620 2619
f 2749 2750 2685
f 2554 2620 2555
f 2619 2683 2684
f 2488 2487 2553
f 2748 2814 2749
f 2420 2488 2421
f 2485 2550 2551
f 2145 2213 2214
f 2746 2812 2747
f 2809 2875 2810
f 2809 2810 2744
f 2875 2876 2810
f 2939 2875 2938
f 3059 3000 3058
f 2940 2939 3000
f 2876 2939 2940
f 3000 3059 3001
f 2939 2876 2875
f 3118 3059 3117
f 2810 2876 2811
f 3000 2939 2999
f 2877 2876 2940
f 2877 2812 2811
f 2812 2877 2878
f 2878 2813 2812
f 2746 2811 2812
f 2877 2941 2878
f 2940 3000 3001
f 3001 2941 2940
f 2941 3001 3002
f 2942 2941 3002
f 2940 2941 2877
f 3059 3060 3001
f 3002 3061 3003
f 2877 2811 2876
f 2745 2810 2811
f 3061 3002 3001
f 3174 3173 3229
f 3174 3119 3118
f 3060 3118 3119
f 3119 3061 3060
f 3118 3060 3059
f 3230 3175 3174
f 3229 3283 3284
f 3284 3230 3229
f 3230 3284 3285
f 3231 3230 3285
f 3229 3230 3174
f 3284 3338 3285
f 3175 3119 3174
f 3173 3174 3118
f 3119 3175 3120
f 3120 3061 3119
f 3120 3175 3176
f 3121 3120 3176
f 3120 3062 3061
f 3175 3232 3176
f 3231 3285 3286
f 3286 3232 3231
f 3232 3286 3287
f 3233 3232 3287
f 3231 3232 3175
f 3286 3340 3287
f 3232 3177 3176
f 3175 3230 3231
f 3060 3061 3001
f 3285 3339 3286
f 2878 2941 2942
f 2874 2875 2809
f 2813 2879 2814
f 2813 2814 2748
f 2943 2880 2879
f 2879 2878 2942
f 2942 3002 3003
f 3003 2943 2942
f 2943 3003 3004
f 2944 2943 3004
f 2942 2943 2879
f 3003 3063 3004
f 2880 2814 2879
f 2879 2813 2878
f 2814 2880 2815
f 2815 2750 2814
f 2815 2880 2881
f 2881 2816 2815
f 2750 2815 2751
f 2880 2945 2881
f 2944 3004 3005
f 3005 2945 2944
f 2945 3005 3006
f 3006 2946 2945
f 2944 2945 2880
f 3005 3065 3006
f 2881 2945 2882
f 2880 2943 2944
f 2812 2813 2747
f 3004 3064 3005
f 3062 3120 3121
f 3121 3063 3062
f 3063 3121 3122
f 3122 3064 3063
f 3062 3063 3003
f 3121 3178 3122
f 3177 3232 3233
f 3233 3178 3177
f 3178 3233 3234
f 3234 3179 3178
f 3177 3178 3121
f 3287 3288 3233
f 3122 3178 3123
f 3121 3176 3177
f 3064 3122 3123
f 3123 3065 3064
f 3065 3123 3124
f 3124 3066 3065
f 3064 3065 3005
f 3123 3180 3124
f 3179 3234 3235
f 3235 3180 3179
f 3180 3235 3236
f 3236 3181 3180
f 3179 3180 3123
f 3290 3235 3234
f 3124 3180 3125
f 3123 3178 3179
f 3063 3064 3004
f 3289 3234 3233
f 3006 3065 3007
f 3003 3061 3062
f 2750 2749 2814
f 3291 3236 3235
f 2685 2750 2686
f 2278 2210 2277
f 2141 2209 2210
f 3283 3337 3284
f 3331 3383 3332
f 3331 3332 3278
f 3383 3384 3332
f 3434 3383 3433
f 3531 3484 3530
f 3484 3435 3434
f 3384 3434 3435
f 3435 3385 3384
f 3434 3384 3383
f 3484 3485 3435
f 3332 3384 3333
f 3484 3434 3483
f 3436 3385 3435
f 3385 3334 3333
f 3334 3385 3386
f 3386 3335 3334
f 3280 3333 3334
f 3385 3437 3386
f 3485 3486 3436
f 3485 3436 3435
f 3486 3487 3437
f 3437 3436 3486
f 3436 3437 3385
f 3485 3533 3486
f 3386 3437 3387
f 3385 3333 3384
f 3279 3332 3333
f 3484 3532 3485
f 3620 3576 3619
f 3576 3532 3531
f 3532 3576 3577
f 3577 3533 3532
f 3484 3531 3532
f 3576 3621 3577
f 3697 3660 3696
f 3660 3621 3620
f 3661 3621 3660
f 3660 3697 3661
f 3620 3621 3576
f 3732 3697 3731
f 3577 3621 3578
f 3660 3620 3659
f 3622 3578 3621
f 3534 3533 3578
f 3662 3623 3622
f 3578 3622 3579
f 3532 3533 3485
f 3622 3621 3661
f 3661 3697 3698
f 3698 3662 3661
f 3662 3698 3699
f 3663 3662 3699
f 3661 3662 3622
f 3698 3734 3699
f 3533 3534 3487
f 3578 3533 3577
f 3487 3486 3533
f 3697 3733 3698
f 3437 3487 3438
f 3576 3531 3575
f 3335 3387 3336
f 3335 3336 3282
f 3438 3388 3387
f 3438 3387 3437
f 3487 3534 3488
f 3487 3488 3438
f 3488 3534 3535
f 3489 3488 3535
f 3488 3439 3438
f 3534 3580 3535
f 3336 3387 3388
f 3387 3335 3386
f 3388 3438 3439
f 3439 3389 3388
f 3337 3388 3389
f 3389 3338 3337
f 3388 3337 3336
f 3439 3440 3389
f 3489 3535 3536
f 3536 3490 3489
f 3440 3489 3490
f 3490 3441 3440
f 3489 3440 3439
f 3536 3537 3490
f 3389 3440 3390
f 3439 3488 3489
f 3283 3336 3337
f 3535 3581 3536
f 3579 3622 3623
f 3623 3580 3579
f 3580 3623 3624
f 3624 3581 3580
f 3534 3579 3580
f 3623 3664 3624
f 3663 3699 3700
f 3700 3664 3663
f 3664 3700 3701
f 3701 3665 3664
f 3663 3664 3623
f 3700 3736 3701
f 3624 3664 3625
f 3623 3662 3663
f 3581 3624 3625
f 3625 3582 3581
f 3537 3581 3582
f 3582 3538 3537
f 3580 3581 3535
f 3625 3626 3582
f 3665 3701 3702
f 3702 3666 3665
f 3626 3665 3666
f 3666 3627 3626
f 3665 3626 3625
f 3702 3703 3666
f 3582 3626 3583
f 3625 3664 3665
f 3537 3536 3581
f 3701 3737 3702
f 3490 3537 3491
f 3534 3578 3579
f 3281 3334 3335
f 3699 3735 3700
f 3732 3767 3733
f 3732 3733 3697
f 3767 3768 3733
f 3797 3767 3796
f 3827 3826 3851
f 3827 3798 3797
f 3768 3797 3798
f 3798 3769 3768
f 3797 3768 3767
f 3827 3828 3798
f 3733 3768 3734
f 3827 3797 3826
f 3799 3769 3798
f 3769 3735 3734
f 3735 3769 3770
f 3770 3736 3735
f 3699 3734 3735
f 3769 3800 3770
f 3828 3829 3799
f 3828 3799 3798
f 3829 3830 3800
f 3800 3799 3829
f 3799 3800 3769
f 3828 3854 3829
f 3770 3800 3771
f 3769 3734 3768
f 3698 3733 3734
f 3827 3853 3828
f 3851 3874 3875
f 3875 3852 3851
f 3875 3876 3852
f 3852 3853 3827
f 3827 3851 3852
f 3877 3853 3852
f 58 3898 3876
f 3876 3875 58
f 3877 3876 3898
f 3898 3878 3877
f 3876 3877 3852
f 3853 3877 3854
f 3875 3897 58
f 3899 3878 3898
f 3878 3855 3854
f 3830 3854 3855
f 3855 3831 3830
f 3853 3854 3828
f 3899 3879 3878
f 60 3918 59
f 3899 59 3918
f 3900 3899 3918
f 3898 59 3899
f 60 3919 3918
f 3879 3855 3878
f 3878 3854 3877
f 3854 3830 3829
f 3898 58 59
f 3800 3830 3801
f 3766 3767 3732
f 3736 3771 3737
f 3736 3737 3701
f 3771 3772 3737
f 3801 3771 3800
f 3856 3831 3855
f 3802 3801 3831
f 3772 3801 3802
f 3831 3856 3832
f 3801 3772 3771
f 3856 3855 3879
f 3737 3772 3738
f 3831 3801 3830
f 3738 3772 3773
f 3738 3703 3737
f 3773 3772 3802
f 3773 3739 3738
f 3703 3738 3704
f 3802 3803 3773
f 3832 3856 3857
f 3857 3833 3832
f 3803 3832 3833
f 3833 3804 3803
f 3832 3803 3802
f 3857 3858 3833
f 3773 3803 3774
f 3802 3831 3832
f 3735 3736 3700
f 3856 3881 3857
f 3879 3899 3900
f 3900 3880 3879
f 3900 3901 3880
f 3880 3881 3856
f 3856 3879 3880
f 3901 3881 3880
f 3919 3920 3901
f 3901 3900 3919
f 3920 3919 3935
f 3921 3920 3935
f 3920 3902 3901
f 3919 60 3935
f 3902 3881 3901
f 3900 3918 3919
f 3881 3902 3882
f 3882 3858 3881
f 3882 3902 3903
f 3903 3883 3882
f 3858 3882 3859
f 3902 3922 3903
f 3921 3935 3936
f 3936 3922 3921
f 3922 3936 3937
f 3937 3923 3922
f 3921 3922 3902
f 3936 3950 3937
f 3903 3922 3904
f 3902 3920 3921
f 3858 3857 3881
f 3935 3950 3936
f 3833 3858 3834
f 3771 3736 3770
f 3703 3702 3737
f 3666 3703 3667
f 3382 3383 3331
f 3338 3390 3339
f 3338 3339 3285
f 3390 3391 3339
f 3441 3390 3440
f 3538 3491 3537
f 3442 3441 3491
f 3391 3441 3442
f 3491 3538 3492
f 3441 3391 3390
f 3583 3538 3582
f 3339 3391 3340
f 3491 3441 3490
f 3391 3442 3392
f 3392 3340 3391
f 3443 3393 3392
f 3340 3392 3341
f 3339 3340 3286
f 3442 3443 3392
f 3492 3538 3539
f 3539 3493 3492
f 3443 3492 3493
f 3444 3443 3493
f 3492 3443 3442
f 3539 3540 3493
f 3493 3540 3494
f 3442 3491 3492
f 3337 3338 3284
f 3538 3584 3539
f 3667 3627 3666
f 3627 3584 3583
f 3584 3627 3628
f 3628 3585 3584
f 3538 3583 3584
f 3627 3668 3628
f 3739 3704 3738
f 3704 3668 3667
f 3705 3668 3704
f 3704 3739 3705
f 3667 3668 3627
f 3774 3739 3773
f 3628 3668 3629
f 3704 3667 3703
f 3629 3585 3628
f 3541 3540 3585
f 3669 3668 3705
f 3630 3629 3669
f 3629 3586 3585
f 3669 3629 3668
f 3705 3739 3740
f 3740 3706 3705
f 3706 3740 3741
f 3707 3706 3741
f 3705 3706 3669
f 3740 3776 3741
f 3706 3670 3669
f 3585 3540 3584
f 3539 3584 3540
f 3739 3775 3740
f 3288 3340 3341
f 3627 3583 3626
f 3341 3342 3289
f 3289 3288 3341
f 3342 3290 3289
f 3341 3394 3342
f 3393 3443 3444
f 3444 3394 3393
f 3445 3394 3444
f 3444 3494 3445
f 3393 3394 3341
f 3444 3493 3494
f 3342 3394 3343
f 3341 3392 3393
f 3395 3343 3394
f 3343 3291 3290
f 3291 3343 3344
f 3344 3292 3291
f 3290 3291 3235
f 3343 3395 3344
f 3445 3494 3495
f 3495 3446 3445
f 3395 3445 3446
f 3396 3395 3446
f 3394 3445 3395
f 3495 3496 3446
f 3446 3496 3447
f 3343 3290 3342
f 3289 3290 3234
f 3494 3542 3495
f 3541 3585 3586
f 3586 3542 3541
f 3542 3586 3587
f 3587 3543 3542
f 3494 3541 3542
f 3586 3631 3587
f 3630 3669 3670
f 3670 3631 3630
f 3671 3631 3670
f 3670 3707 3671
f 3630 3631 3586
f 3670 3706 3707
f 3587 3631 3588
f 3586 3629 3630
f 3588 3543 3587
f 3497 3496 3543
f 3632 3631 3671
f 3589 3588 3632
f 3588 3544 3543
f 3632 3588 3631
f 3671 3707 3708
f 3708 3672 3671
f 3672 3708 3709
f 3673 3672 3709
f 3671 3672 3632
f 3743 3708 3707
f 3672 3633 3632
f 3543 3496 3542
f 3495 3542 3496
f 3741 3742 3707
f 3709 3744 3710
f 3494 3540 3541
f 3288 3289 3233
f 3744 3709 3708
f 3774 3804 3775
f 3774 3775 3739
f 3804 3805 3775
f 3834 3804 3833
f 3883 3859 3882
f 3835 3834 3859
f 3805 3834 3835
f 3859 3883 3860
f 3834 3805 3804
f 3904 3883 3903
f 3775 3805 3776
f 3859 3834 3858
f 3805 3835 3806
f 3806 3776 3805
f 3836 3807 3806
f 3776 3806 3777
f 3775 3776 3740
f 3835 3836 3806
f 3860 3883 3884
f 3884 3861 3860
f 3836 3860 3861
f 3837 3836 3861
f 3860 3836 3835
f 3884 3885 3861
f 3861 3885 3862
f 3835 3859 3860
f 3742 3741 3776
f 3883 3905 3884
f 3938 3923 3937
f 3923 3905 3904
f 3905 3923 3924
f 3924 3906 3905
f 3883 3904 3905
f 3923 3938 3924
f 3950 3951 3938
f 3950 3938 3937
f 3951 3950 61
f 3939 3938 3951
f 3951 61 3952
f 3950 3935 61
f 3939 3924 3938
f 3922 3923 3904
f 3906 3924 3925
f 3906 3885 3905
f 3925 3924 3939
f 3907 3906 3925
f 3906 3886 3885
f 3939 3940 3925
f 3952 61 62
f 3952 62 3939
f 3940 62 3953
f 3941 3940 3953
f 3939 62 3940
f 3940 3926 3925
f 3939 3951 3952
f 3884 3905 3885
f 63 3953 62
f 3777 3742 3776
f 3803 3804 3774
f 3777 3778 3743
f 3743 3742 3777
f 3778 3744 3743
f 3777 3807 3778
f 3807 3836 3837
f 3808 3807 3837
f 3862 3885 3886
f 3863 3862 3886
f 3862 3838 3837
f 3837 3861 3862
f 3778 3807 3808
f 3777 3806 3807
f 3778 3808 3779
f 3779 3744 3778
f 3779 3808 3809
f 3809 3780 3779
f 3744 3779 3745
f 3808 3839 3809
f 3838 3862 3863
f 3863 3839 3838
f 3839 3863 3864
f 3864 3840 3839
f 3838 3839 3808
f 3886 3887 3863
f 3809 3839 3810
f 3808 3837 3838
f 3743 3744 3708
f 3888 3864 3863
f 3907 3925 3926
f 3926 3908 3907
f 3887 3907 3908
f 3908 3888 3887
f 3907 3887 3886
f 3926 3927 3908
f 3941 3953 3954
f 3942 3941 3954
f 3927 3941 3942
f 3954 63 3955
f 3941 3927 3926
f 3954 3953 63
f 3908 3927 3909
f 3926 3940 3941
f 3909 3927 3928
f 3909 3888 3908
f 3928 3927 3942
f 3929 3928 3943
f 3928 3910 3909
f 3942 3943 3928
f 3955 3956 3943
f 3943 3942 3955
f 3956 3955 64
f 3957 3956 64
f 3944 3943 3956
f 3955 63 64
f 3888 3865 3864
f 3942 3954 3955
f 3887 3888 3863
f 3962 65 3966
f 3888 3909 3889
f 3886 3906 3907
f 3742 3743 3707
f 3396 3344 3395
f 3390 3338 3389
f 3340 3288 3287
f 61 3935 60
f 3236 3291 3237
f 2270 2271 2203
f 2217 2285 2218
f 2217 2218 2149
f 2285 2286 2218
f 2353 2285 2352
f 2489 2421 2488
f 2421 2354 2353
f 2286 2353 2354
f 2354 2287 2286
f 2353 2286 2285
f 2421 2422 2354
f 2218 2286 2219
f 2421 2353 2420
f 2355 2287 2354
f 2287 2220 2219
f 2220 2287 2288
f 2288 2221 2220
f 2151 2219 2220
f 2287 2356 2288
f 2422 2423 2355
f 2422 2355 2354
f 2423 2424 2356
f 2356 2355 2423
f 2355 2356 2287
f 2422 2491 2423
f 2288 2356 2289
f 2287 2219 2286
f 2150 2218 2219
f 2421 2490 2422
f 2621 2555 2620
f 2555 2490 2489
f 2490 2555 2556
f 2556 2491 2490
f 2421 2489 2490
f 2555 2622 2556
f 2751 2686 2750
f 2686 2622 2621
f 2622 2686 2687
f 2687 2623 2622
f 2621 2622 2555
f 2686 2752 2687
f 2556 2622 2557
f 2686 2621 2685
f 2491 2556 2557
f 2557 2492 2491
f 2424 2491 2492
f 2492 2425 2424
f 2490 2491 2422
f 2557 2558 2492
f 2623 2687 2688
f 2688 2624 2623
f 2558 2623 2624
f 2624 2559 2558
f 2623 2558 2557
f 2688 2689 2624
f 2492 2558 2493
f 2557 2622 2623
f 2424 2423 2491
f 2687 2753 2688
f 2356 2424 2357
f 2555 2489 2554
f 2221 2289 2222
f 2221 2222 2153
f 2289 2290 2222
f 2357 2289 2356
f 2493 2425 2492
f 2425 2358 2357
f 2290 2357 2358
f 2358 2291 2290
f 2357 2290 2289
f 2425 2426 2358
f 2222 2290 2223
f 2425 2357 2424
f 2359 2291 2358
f 2291 2224 2223
f 2291 2292 2224
f 2224 2225 2156
f 2155 2223 2224
f 2292 2225 2224
f 2427 2359 2426
f 2426 2359 2358
f 2292 2359 2360
f 2293 2292 2360
f 2359 2292 2291
f 2428 2360 2359
f 2360 2428 2361
f 2291 2223 2290
f 2154 2222 2223
f 2425 2494 2426
f 2625 2559 2624
f 2559 2494 2493
f 2494 2559 2560
f 2560 2495 2494
f 2425 2493 2494
f 2559 2626 2560
f 2689 2690 2625
f 2689 2625 2624
f 2691 2626 2690
f 2626 2625 2690
f 2625 2626 2559
f 2689 2755 2690
f 2560 2626 2561
f 2558 2559 2493
f 2427 2494 2495
f 2495 2428 2427
f 2428 2495 2496
f 2429 2428 2496
f 2427 2428 2359
f 2495 2562 2496
f 2561 2626 2627
f 2627 2562 2561
f 2562 2627 2628
f 2563 2562 2628
f 2561 2562 2495
f 2692 2627 2626
f 2562 2497 2496
f 2495 2560 2561
f 2426 2494 2427
f 2693 2628 2627
f 2628 2693 2629
f 2289 2221 2288
f 2152 2220 2221
f 2688 2754 2689
f 2751 2816 2752
f 2751 2752 2686
f 2816 2817 2752
f 2882 2816 2881
f 3007 2946 3006
f 2946 2883 2882
f 2817 2882 2883
f 2883 2818 2817
f 2882 2817 2816
f 2946 2947 2883
f 2752 2817 2753
f 2946 2882 2945
f 2884 2818 2883
f 2818 2754 2753
f 2754 2818 2819
f 2819 2755 2754
f 2688 2753 2754
f 2818 2885 2819
f 2947 2948 2884
f 2947 2884 2883
f 2948 2949 2885
f 2885 2884 2948
f 2884 2885 2818
f 2947 3009 2948
f 2819 2885 2820
f 2818 2753 2817
f 2687 2752 2753
f 2946 3008 2947
f 3125 3066 3124
f 3066 3008 3007
f 3008 3066 3067
f 3067 3009 3008
f 2946 3007 3008
f 3066 3126 3067
f 3237 3181 3236
f 3181 3126 3125
f 3126 3181 3182
f 3182 3127 3126
f 3125 3126 3066
f 3181 3238 3182
f 3067 3126 3068
f 3181 3125 3180
f 3009 3067 3068
f 3068 3010 3009
f 2949 3009 3010
f 3010 2950 2949
f 3008 3009 2947
f 3068 3069 3010
f 3127 3182 3183
f 3183 3128 3127
f 3069 3127 3128
f 3128 3070 3069
f 3127 3069 3068
f 3184 3128 3183
f 3010 3069 3011
f 3068 3126 3127
f 2949 2948 3009
f 3182 3239 3183
f 2885 2949 2886
f 3066 3007 3065
f 2755 2756 2691
f 2755 2689 2754
f 2756 2692 2691
f 2755 2821 2756
f 2820 2885 2886
f 2886 2821 2820
f 2821 2886 2887
f 2887 2822 2821
f 2820 2821 2755
f 2886 2951 2887
f 2756 2821 2757
f 2755 2819 2820
f 2692 2756 2757
f 2757 2693 2692
f 2693 2757 2758
f 2694 2693 2758
f 2692 2693 2627
f 2757 2823 2758
f 2822 2887 2888
f 2888 2823 2822
f 2823 2888 2889
f 2824 2823 2889
f 2822 2823 2757
f 2888 2953 2889
f 2823 2759 2758
f 2757 2821 2822
f 2691 2692 2626
f 2887 2952 2888
f 2950 3010 3011
f 3011 2951 2950
f 2951 3011 3012
f 3012 2952 2951
f 2950 2951 2886
f 3011 3071 3012
f 3070 3128 3129
f 3129 3071 3070
f 3071 3129 3130
f 3130 3072 3071
f 3070 3071 3011
f 3185 3129 3128
f 3012 3071 3013
f 3011 3069 3070
f 2952 3012 3013
f 3013 2953 2952
f 2953 3013 3014
f 2954 2953 3014
f 2952 2953 2888
f 3013 3073 3014
f 3072 3130 3131
f 3131 3073 3072
f 3073 3131 3132
f 3074 3073 3132
f 3072 3073 3013
f 3187 3131 3130
f 3073 3015 3014
f 3013 3071 3072
f 2951 2952 2887
f 3186 3130 3129
f 2953 2890 2889
f 2886 2949 2950
f 2690 2755 2691
f 3132 3131 3188
f 2292 2293 2225
f 2816 2751 2815
f 2294 2226 2293
f 2226 2225 2293
f 2226 2227 2158
f 2295 2227 2226
f 2361 2362 2294
f 2294 2293 2361
f 2362 2363 2295
f 2295 2294 2362
f 2294 2295 2226
f 2361 2430 2362
f 2227 2295 2228
f 2293 2360 2361
f 2296 2295 2363
f 2296 2229 2228
f 2161 2228 2229
f 2229 2162 2161
f 2227 2228 2159
f 2296 2297 2229
f 2363 2432 2364
f 2363 2364 2296
f 2297 2364 2365
f 2365 2298 2297
f 2296 2364 2297
f 2364 2432 2365
f 2229 2297 2230
f 2296 2228 2295
f 2225 2226 2157
f 2362 2431 2363
f 2429 2496 2497
f 2497 2430 2429
f 2430 2497 2498
f 2498 2431 2430
f 2429 2430 2361
f 2497 2564 2498
f 2563 2628 2629
f 2629 2564 2563
f 2564 2629 2630
f 2630 2565 2564
f 2563 2564 2497
f 2629 2695 2630
f 2498 2564 2499
f 2497 2562 2563
f 2431 2498 2499
f 2499 2432 2431
f 2432 2499 2500
f 2433 2432 2500
f 2431 2432 2363
f 2499 2566 2500
f 2565 2630 2631
f 2631 2566 2565
f 2566 2631 2632
f 2567 2566 2632
f 2565 2566 2499
f 2631 2697 2632
f 2566 2501 2500
f 2499 2564 2565
f 2430 2431 2362
f 2630 2696 2631
f 2365 2432 2433
f 2361 2428 2429
f 2162 2230 2163
f 2163 2093 2162
f 2230 2231 2163
f 2298 2230 2297
f 2366 2365 2433
f 2366 2299 2298
f 2231 2298 2299
f 2299 2232 2231
f 2298 2231 2230
f 2366 2367 2299
f 2163 2231 2164
f 2366 2298 2365
f 2300 2232 2299
f 2232 76 2164
f 2165 2164 76
f 76 77 2165
f 2164 2165 2095
f 2232 2233 76
f 2367 2368 2300
f 2367 2300 2299
f 2368 2436 2233
f 2233 2300 2368
f 2300 2233 2232
f 2367 2436 2368
f 76 2233 75
f 2232 2164 2231
f 2163 2164 2094
f 2366 2435 2367
f 2433 2500 2501
f 2501 2434 2433
f 2434 2501 2502
f 2502 2435 2434
f 2433 2434 2366
f 2501 2568 2502
f 2567 2632 2633
f 2633 2568 2567
f 2568 2633 2634
f 2634 2569 2568
f 2567 2568 2501
f 2633 2699 2634
f 2502 2568 2503
f 2501 2566 2567
f 2435 2502 2503
f 2503 2436 2435
f 2436 2503 2504
f 2504 75 2436
f 2435 2436 2367
f 2503 2570 2504
f 2569 2634 2635
f 2635 2570 2569
f 2635 74 2570
f 75 2504 2570
f 2569 2570 2503
f 74 75 2570
f 2436 75 2233
f 2503 2568 2569
f 2434 2435 2366
f 2634 2700 2635
f 2230 2162 2229
f 2161 2162 2092
f 2632 2698 2633
f 2694 2759 2695
f 2694 2695 2629
f 2759 2760 2695
f 2694 2758 2759
f 2824 2889 2890
f 2890 2825 2824
f 2760 2824 2825
f 2825 2761 2760
f 2824 2760 2759
f 2890 2891 2825
f 2695 2760 2696
f 2759 2823 2824
f 2826 2761 2825
f 2761 2697 2696
f 2697 2761 2762
f 2762 2698 2697
f 2631 2696 2697
f 2761 2827 2762
f 2891 2892 2826
f 2891 2826 2825
f 2892 2893 2827
f 2827 2826 2892
f 2826 2827 2761
f 2891 2956 2892
f 2762 2827 2763
f 2761 2696 2760
f 2630 2695 2696
f 2890 2955 2891
f 2954 3014 3015
f 3015 2955 2954
f 2955 3015 3016
f 3016 2956 2955
f 2890 2954 2955
f 3015 3075 3016
f 3074 3132 3133
f 3133 3075 3074
f 3075 3133 3134
f 3134 3076 3075
f 3074 3075 3015
f 3189 3133 3132
f 3016 3075 3017
f 3015 3073 3074
f 2956 3016 3017
f 3017 2957 2956
f 2893 2956 2957
f 2957 2894 2893
f 2955 2956 2891
f 3017 3018 2957
f 3076 3134 3135
f 3135 3077 3076
f 3018 3076 3077
f 3077 3019 3018
f 3076 3018 3017
f 3135 3136 3077
f 2957 3018 2958
f 3017 3075 3076
f 2893 2892 2956
f 3190 3134 3133
f 2827 2893 2828
f 2890 2953 2954
f 2698 2763 2699
f 2698 2699 2633
f 2763 2764 2699
f 2828 2763 2827
f 2958 2894 2957
f 2894 2829 2828
f 2764 2828 2829
f 2829 2765 2764
f 2828 2764 2763
f 2895 2829 2894
f 2699 2764 2700
f 2894 2828 2893
f 2700 2701 74
f 2700 2634 2699
f 2700 2766 2701
f 73 74 2701
f 2766 73 2701
f 2765 2829 2830
f 2830 2766 2765
f 2766 2830 2831
f 2831 73 2766
f 2765 2766 2700
f 2896 2830 2829
f 73 2831 72
f 2700 2764 2765
f 2697 2698 2632
f 2897 2831 2830
f 3078 3019 3077
f 3019 2959 2958
f 2895 2958 2959
f 2959 2896 2895
f 2958 2895 2894
f 3019 3020 2959
f 3136 3137 3078
f 3136 3078 3077
f 3079 3020 3078
f 3078 3137 3079
f 3078 3020 3019
f 3192 3136 3135
f 2959 3020 2960
f 3018 3019 2958
f 3021 2960 3020
f 2960 72 2896
f 2897 2896 72
f 72 2831 2897
f 2896 2897 2830
f 2960 3021 72
f 3079 3137 3138
f 3138 3080 3079
f 3021 3079 3080
f 3080 72 3021
f 3020 3079 3021
f 3138 3194 3080
f 72 3080 3305
f 2960 2896 2959
f 2895 2896 2829
f 3193 3137 3136
f 2763 2698 2762
f 2700 74 2635
f 3191 3135 3134
f 2629 2693 2694
f 2216 2217 2148
f 3194 3138 3137
f 3345 3292 3344
f 3292 3238 3237
f 3345 3293 3292
f 3345 3344 3396
f 3396 3446 3447
f 3447 3397 3396
f 3448 3397 3447
f 3447 3497 3448
f 3396 3397 3345
f 3447 3496 3497
f 3345 3397 3346
f 3291 3292 3237
f 3346 3293 3345
f 3293 3239 3238
f 3398 3347 3346
f 3293 3346 3294
f 3182 3238 3239
f 3398 3346 3397
f 3448 3497 3498
f 3498 3449 3448
f 3398 3448 3449
f 3399 3398 3449
f 3397 3448 3398
f 3498 3499 3449
f 3449 3499 3450
f 3293 3238 3292
f 3181 3237 3238
f 3497 3545 3498
f 3544 3588 3589
f 3589 3545 3544
f 3545 3589 3590
f 3590 3546 3545
f 3497 3544 3545
f 3589 3634 3590
f 3633 3672 3673
f 3673 3634 3633
f 3674 3634 3673
f 3673 3710 3674
f 3633 3634 3589
f 3673 3709 3710
f 3590 3634 3591
f 3589 3632 3633
f 3591 3546 3590
f 3500 3499 3546
f 3635 3634 3674
f 3592 3591 3635
f 3591 3547 3546
f 3635 3591 3634
f 3674 3710 3711
f 3711 3675 3674
f 3675 3711 3712
f 3676 3675 3712
f 3674 3675 3635
f 3711 3747 3712
f 3675 3636 3635
f 3546 3499 3545
f 3498 3545 3499
f 3710 3746 3711
f 3239 3293 3294
f 3497 3543 3544
f 3239 3294 3240
f 3240 3184 3239
f 3240 3185 3184
f 3294 3295 3240
f 3347 3398 3399
f 3348 3347 3399
f 3295 3347 3348
f 3399 3450 3400
f 3347 3295 3294
f 3399 3449 3450
f 3240 3295 3241
f 3294 3346 3347
f 3241 3295 3296
f 3241 3185 3240
f 3296 3295 3348
f 3296 3242 3241
f 3185 3241 3186
f 3348 3349 3296
f 3400 3450 3451
f 3451 3401 3400
f 3349 3400 3401
f 3401 3350 3349
f 3400 3349 3348
f 3451 3452 3401
f 3296 3349 3297
f 3348 3399 3400
f 3184 3185 3128
f 3450 3501 3451
f 3500 3546 3547
f 3547 3501 3500
f 3501 3547 3548
f 3548 3502 3501
f 3450 3500 3501
f 3547 3592 3548
f 3592 3635 3636
f 3593 3592 3636
f 3676 3712 3713
f 3677 3676 3713
f 3676 3637 3636
f 3636 3675 3676
f 3548 3592 3593
f 3547 3591 3592
f 3502 3548 3549
f 3502 3452 3501
f 3549 3548 3593
f 3549 3503 3502
f 3452 3502 3453
f 3593 3594 3549
f 3637 3676 3677
f 3677 3638 3637
f 3594 3637 3638
f 3638 3595 3594
f 3637 3594 3593
f 3714 3678 3677
f 3549 3594 3550
f 3593 3636 3637
f 3451 3501 3452
f 3713 3714 3677
f 3401 3452 3402
f 3450 3499 3500
f 3184 3183 3239
f 3712 3748 3713
f 3745 3780 3746
f 3745 3746 3710
f 3780 3781 3746
f 3745 3779 3780
f 3810 3839 3840
f 3811 3810 3840
f 3781 3810 3811
f 3840 3865 3841
f 3810 3781 3780
f 3840 3864 3865
f 3746 3781 3747
f 3780 3809 3810
f 3781 3811 3782
f 3782 3747 3781
f 3782 3811 3812
f 3812 3783 3782
f 3747 3782 3748
f 3811 3842 3812
f 3841 3865 3866
f 3866 3842 3841
f 3842 3866 3867
f 3867 3843 3842
f 3841 3842 3811
f 3866 3891 3867
f 3812 3842 3813
f 3811 3840 3841
f 3711 3746 3747
f 3865 3890 3866
f 3889 3909 3910
f 3910 3890 3889
f 3890 3910 3911
f 3911 3891 3890
f 3889 3890 3865
f 3910 3929 3911
f 3929 3943 3944
f 3930 3929 3944
f 3957 64 3962
f 3958 3957 3962
f 3957 3945 3944
f 3944 3956 3957
f 3911 3929 3930
f 3910 3928 3929
f 3930 3944 3945
f 3931 3930 3945
f 3912 3911 3930
f 3912 3892 3891
f 3911 3912 3891
f 3958 3946 3945
f 3958 3962 3963
f 67 3963 3966
f 3967 3966 65
f 68 3958 3963
f 3963 3962 3966
f 3912 3930 3931
f 3945 3957 3958
f 3890 3891 3866
f 3962 64 65
f 3867 3891 3868
f 3865 3888 3889
f 3813 3783 3812
f 3783 3749 3748
f 3813 3784 3783
f 3843 3813 3842
f 3892 3868 3891
f 3868 3844 3843
f 3913 3912 3931
f 3913 3893 3892
f 3868 3892 3869
f 3913 3892 3912
f 3813 3843 3814
f 3868 3843 3867
f 3714 3748 3749
f 3715 3714 3749
f 3784 3813 3814
f 3785 3784 3814
f 3784 3750 3749
f 3749 3783 3784
f 3844 3868 3869
f 3845 3844 3869
f 3893 3913 3914
f 3894 3893 3914
f 3893 3870 3869
f 3869 3892 3893
f 3844 3815 3814
f 3814 3843 3844
f 3747 3748 3712
f 3913 3933 3914
f 3931 3945 3946
f 3959 68 3960
f 68 3963 3964
f 68 69 3965
f 3947 3946 3959
f 3946 3958 3959
f 67 3964 3963
f 3966 3967 67
f 67 3967 66
f 67 68 3964
f 3967 65 66
f 3946 3932 3931
f 68 3959 3958
f 3932 3946 3947
f 3947 3933 3932
f 3933 3947 3948
f 3934 3933 3948
f 3932 3933 3913
f 3947 3961 3948
f 3960 68 3965
f 3965 3961 3960
f 69 3949 3961
f 3961 3965 69
f 3960 3961 3947
f 3961 3949 3948
f 3947 3959 3960
f 3931 3932 3913
f 3933 3915 3914
f 3783 3748 3782
f 3748 3714 3713
f 3678 3638 3677
f 3710 3744 3745
f 3186 3242 3187
f 3187 3130 3186
f 3242 3243 3187
f 3297 3242 3296
f 3402 3350 3401
f 3350 3298 3297
f 3243 3297 3298
f 3298 3244 3243
f 3297 3243 3242
f 3350 3351 3298
f 3187 3243 3188
f 3350 3297 3349
f 3299 3244 3298
f 3244 3189 3188
f 3189 3244 3245
f 3245 3190 3189
f 3188 3189 3132
f 3244 3300 3245
f 3351 3352 3299
f 3351 3299 3298
f 3352 3353 3300
f 3300 3299 3352
f 3299 3300 3244
f 3351 3404 3352
f 3245 3300 3246
f 3244 3188 3243
f 3187 3188 3131
f 3350 3403 3351
f 3503 3453 3502
f 3453 3403 3402
f 3403 3453 3454
f 3454 3404 3403
f 3350 3402 3403
f 3453 3504 3454
f 3595 3550 3594
f 3550 3504 3503
f 3504 3550 3551
f 3551 3505 3504
f 3503 3504 3453
f 3550 3596 3551
f 3454 3504 3455
f 3550 3503 3549
f 3404 3454 3455
f 3455 3405 3404
f 3353 3404 3405
f 3405 3354 3353
f 3403 3404 3351
f 3455 3456 3405
f 3505 3551 3552
f 3552 3506 3505
f 3456 3505 3506
f 3506 3457 3456
f 3505 3456 3455
f 3553 3506 3552
f 3405 3456 3406
f 3455 3504 3505
f 3353 3352 3404
f 3551 3597 3552
f 3300 3353 3301
f 3453 3402 3452
f 3190 3247 3191
f 3191 3134 3190
f 3192 3135 3191
f 3191 3247 3192
f 3246 3300 3301
f 3301 3247 3246
f 3247 3301 3302
f 3248 3247 3302
f 3246 3247 3190
f 3301 3355 3302
f 3247 3248 3192
f 3190 3245 3246
f 3248 3249 3193
f 3193 3192 3248
f 3249 3250 3194
f 3194 3193 3249
f 3193 3194 3137
f 3248 3304 3249
f 3303 3357 3304
f 3303 3304 3248
f 3250 3304 3305
f 3305 3080 3250
f 3249 3304 3250
f 3304 3357 3305
f 3194 3250 3080
f 3248 3302 3303
f 3192 3193 3136
f 3302 3356 3303
f 3354 3405 3406
f 3406 3355 3354
f 3355 3406 3407
f 3407 3356 3355
f 3354 3355 3301
f 3406 3458 3407
f 3457 3506 3507
f 3507 3458 3457
f 3458 3507 3508
f 3508 3459 3458
f 3457 3458 3406
f 3555 3508 3507
f 3407 3458 3408
f 3406 3456 3457
f 3356 3407 3408
f 3408 3357 3356
f 3357 3408 3409
f 3409 3305 3357
f 3356 3357 3303
f 3408 3460 3409
f 3459 3508 3509
f 3509 3460 3459
f 71 3305 3460
f 3460 3509 71
f 3459 3460 3408
f 3508 3556 3509
f 3409 3460 3305
f 3408 3458 3459
f 3355 3356 3302
f 3506 3554 3507
f 3305 71 72
f 3301 3353 3354
f 3189 3190 3133
f 71 3509 3556
f 3638 3678 3639
f 3638 3639 3595
f 3639 3596 3595
f 3678 3679 3639
f 3715 3749 3750
f 3716 3715 3750
f 3679 3715 3716
f 3750 3785 3751
f 3715 3679 3678
f 3750 3784 3785
f 3639 3679 3640
f 3678 3714 3715
f 3640 3679 3680
f 3640 3596 3639
f 3680 3679 3716
f 3680 3641 3640
f 3596 3640 3597
f 3716 3717 3680
f 3751 3785 3786
f 3786 3752 3751
f 3717 3751 3752
f 3752 3718 3717
f 3751 3717 3716
f 3786 3787 3752
f 3680 3717 3681
f 3716 3750 3751
f 3550 3595 3596
f 3785 3816 3786
f 3815 3844 3845
f 3845 3816 3815
f 3894 3871 3870
f 3845 3870 3846
f 3785 3815 3816
f 3845 3869 3870
f 3894 3914 3915
f 3895 3894 3915
f 3934 3948 3949
f 3916 3934 3949
f 3934 3916 3915
f 3915 3933 3934
f 3846 3816 3845
f 3870 3893 3894
f 3816 3846 3817
f 3817 3787 3816
f 3817 3846 3847
f 3847 3818 3817
f 3787 3817 3788
f 3846 3872 3847
f 3871 3894 3895
f 3895 3872 3871
f 3896 3872 3895
f 3895 3916 3896
f 3871 3872 3846
f 3895 3915 3916
f 3847 3872 3848
f 3846 3870 3871
f 3786 3816 3787
f 3949 3896 3916
f 3752 3787 3753
f 3785 3814 3815
f 3597 3598 3553
f 3597 3551 3596
f 3598 3554 3553
f 3597 3642 3598
f 3718 3681 3717
f 3681 3642 3641
f 3642 3681 3682
f 3682 3643 3642
f 3641 3642 3597
f 3681 3719 3682
f 3598 3642 3599
f 3681 3641 3680
f 3554 3598 3599
f 3599 3555 3554
f 3599 3600 3555
f 3556 3508 3555
f 3554 3555 3507
f 3601 3556 3555
f 3643 3644 3600
f 3600 3599 3643
f 3644 3684 3601
f 3601 3600 3644
f 3600 3601 3555
f 3682 3683 3643
f 3556 3601 71
f 3599 3642 3643
f 3553 3554 3506
f 3684 3644 3643
f 3788 3753 3787
f 3753 3719 3718
f 3848 3818 3847
f 3818 3789 3788
f 3753 3788 3754
f 3818 3788 3817
f 3896 3949 70
f 3896 70 3872
f 70 3873 3872
f 3873 3819 3848
f 3848 3872 3873
f 70 3819 3873
f 3818 3848 3819
f 3752 3753 3718
f 3719 3720 3683
f 3719 3681 3718
f 3720 3755 3684
f 3684 3683 3720
f 3683 3684 3643
f 3719 3755 3720
f 3754 3788 3789
f 3789 3755 3754
f 3819 70 3755
f 3755 3789 3819
f 3754 3755 3719
f 3789 3818 3819
f 71 3684 3755
f 3719 3753 3754
f 3682 3719 3683
f 3684 71 3601
f 70 71 3755
f 3641 3597 3640
f 3553 3552 3597
f 3949 69 70
f 3242 3186 3241
f 3185 3186 3129
f 2285 2217 2284
f 2160 2228 2161
f 135 112 134
